"STATION","NAME","DATE","PRCP","SNOW","SNWD","TMAX","TMIN","WT01","WT03","WT04","WT06","WT11"
"USC00170409","BATH, ME US","2020-01-01","0.30","1.0","12.0","31","28",,,"    1",,
"USC00170409","BATH, ME US","2020-01-02","0.00","0.0","12.0","38","20",,,,,
"USC00170409","BATH, ME US","2020-01-03","0.00","0.0","11.0","36","20",,,,,
"USC00170409","BATH, ME US","2020-01-04","0.00","0.0","11.0","40","28",,,,,
"USC00170409","BATH, ME US","2020-01-05","0.24","0.6","10.0","39","30",,,,,
"USC00170409","BATH, ME US","2020-01-06","0.00","0.0","10.0","33","5",,,,,
"USC00170409","BATH, ME US","2020-01-07","0.01","0.3","10.0","24","5",,,,,
"USC00170409","BATH, ME US","2020-01-08","0.06","0.7","10.0","35","12",,,,,
"USC00170409","BATH, ME US","2020-01-09","0.01","0.1","10.0","32","15",,,,,
"USC00170409","BATH, ME US","2020-01-10","0.00","0.0","10.0","26","6",,,,,
"USC00170409","BATH, ME US","2020-01-11","0.01","0.0","10.0","40","13",,,,,
"USC00170409","BATH, ME US","2020-01-12","0.21","0.0","3.0","51","34",,,,,
"USC00170409","BATH, ME US","2020-01-13","0.19","0.0","1.0","37","20",,,,,
"USC00170409","BATH, ME US","2020-01-14","0.00","0.0","1.0","25","20",,,,,
"USC00170409","BATH, ME US","2020-01-15","0.10","1.0","1.0","32","24",,,,,
"USC00170409","BATH, ME US","2020-01-16","0.14","1.5","2.0","43","26",,,,,
"USC00170409","BATH, ME US","2020-01-17","0.38","4.0","6.0","32","5",,,,,
"USC00170409","BATH, ME US","2020-01-18","0.00","0.0","6.0","14","-4",,,,,
"USC00170409","BATH, ME US","2020-01-19","0.56","5.0","11.0","16","-1",,,,,
"USC00170409","BATH, ME US","2020-01-20","0.00","0.0","10.0","32","14",,,,,
"USC00170409","BATH, ME US","2020-01-21","0.00","0.0","10.0","24","-7",,,,,
"USC00170409","BATH, ME US","2020-01-22","0.00","0.0","10.0","24","-7",,,,,
"USC00170409","BATH, ME US","2020-01-23","0.00","0.0","9.0","34","4",,,,,
"USC00170409","BATH, ME US","2020-01-24","0.00","0.0","9.0","40","4",,,,,
"USC00170409","BATH, ME US","2020-01-25","0.00","0.0","8.0","42","22",,,,,
"USC00170409","BATH, ME US","2020-01-26","1.45","0.0","4.0","41","32","    1",,,,
"USC00170409","BATH, ME US","2020-01-27","0.00","0.0","3.0","42","28","    1",,,,
"USC00170409","BATH, ME US","2020-01-28","0.00","0.0","3.0","44","28",,,,,
"USC00170409","BATH, ME US","2020-01-29","0.01","0.0","3.0","33","21",,,,,
"USC00170409","BATH, ME US","2020-01-30","0.00","0.0","3.0","36","10",,,,,
"USC00170409","BATH, ME US","2020-01-31","0.00","0.0","3.0","33","10",,,,,
"USC00170409","BATH, ME US","2020-02-01","0.00","0.0","3.0","41","11",,,,,
"USC00170409","BATH, ME US","2020-02-02","0.00","0.0","3.0","39","26",,,,,
"USC00170409","BATH, ME US","2020-02-03","0.00","0.0","3.0","40","17",,,,,
"USC00170409","BATH, ME US","2020-02-04","0.00","0.0","3.0","44","18",,,,,
"USC00170409","BATH, ME US","2020-02-05","0.00","0.0","2.0","35","24",,,,,
"USC00170409","BATH, ME US","2020-02-06","0.18","1.5","3.0","36","22",,,,,
"USC00170409","BATH, ME US","2020-02-07","0.29","2.5","6.0","29","22","    1",,,"    1",
"USC00170409","BATH, ME US","2020-02-08","0.49","0.0","6.0","32","11","    1",,"    1","    1",
"USC00170409","BATH, ME US","2020-02-09","0.00","0.0","6.0","25","-7",,,,,
"USC00170409","BATH, ME US","2020-02-10","0.16","1.0","6.0","37","-7",,,,"    1",
"USC00170409","BATH, ME US","2020-02-11","0.12","0.0","5.0","37","20","    1",,,,
"USC00170409","BATH, ME US","2020-02-12","0.03","0.0","5.0","35","20","    1",,,,
"USC00170409","BATH, ME US","2020-02-13","0.12","0.7","6.0","40","28",,,,,
"USC00170409","BATH, ME US","2020-02-14","0.15","1.3","6.0","35","12",,,,,
"USC00170409","BATH, ME US","2020-02-15","0.00","0.0","6.0","16","-8",,,,,
"USC00170409","BATH, ME US","2020-02-16","0.00","0.0","6.0","26","-8",,,,,
"USC00170409","BATH, ME US","2020-02-17","0.00","0.0","6.0","40","14",,,,,
"USC00170409","BATH, ME US","2020-02-18","0.00","0.0","6.0","39","12",,,,,
"USC00170409","BATH, ME US","2020-02-19","0.48","1.8","8.0","32","13","    1",,,"    1",
"USC00170409","BATH, ME US","2020-02-20","0.00","0.0","7.0","39","6",,,,,
"USC00170409","BATH, ME US","2020-02-21","0.00","0.0","7.0","27","-4",,,,,
"USC00170409","BATH, ME US","2020-02-22","0.00","0.0","7.0","26","-4",,,,,
"USC00170409","BATH, ME US","2020-02-23","0.00","0.0","6.0","43","11",,,,,
"USC00170409","BATH, ME US","2020-02-24","0.00","0.0","6.0","43","15",,,,,
"USC00170409","BATH, ME US","2020-02-25","0.00","0.0","5.0","46","16",,,,,
"USC00170409","BATH, ME US","2020-02-26","0.00","0.0","4.0","50","30",,,,,
"USC00170409","BATH, ME US","2020-02-27","0.27","0.0","3.0","46","32",,,,,
"USC00170409","BATH, ME US","2020-02-28","1.42","0.0","0.0","45","26","    1",,,,"    1"
"USC00170409","BATH, ME US","2020-02-29","0.00","0.0","0.0","34","23",,,,,
"USC00170409","BATH, ME US","2020-03-01","0.00","0.0","0.0","33","12",,,,,
"USC00170409","BATH, ME US","2020-03-02","0.00","0.0","0.0","32","11",,,,,
"USC00170409","BATH, ME US","2020-03-03","0.02","0.0","0.0","42","16","    1",,,,
"USC00170409","BATH, ME US","2020-03-04","0.28","0.0","0.0","57","30","    1",,,,
"USC00170409","BATH, ME US","2020-03-05","0.00","0.0","0.0","48","32",,,,,
"USC00170409","BATH, ME US","2020-03-06","0.00","0.0","0.0","49","22",,,,,
"USC00170409","BATH, ME US","2020-03-07","0.00","0.0","0.0","43","23",,,,,
"USC00170409","BATH, ME US","2020-03-08","0.00","0.0","0.0","41","19",,,,,
"USC00170409","BATH, ME US","2020-03-09","0.00","0.0","0.0","50","23",,,,,
"USC00170409","BATH, ME US","2020-03-10","0.00","0.0","0.0","62","34",,,,,
"USC00170409","BATH, ME US","2020-03-11","0.00","0.0","0.0","49","34",,,,,
"USC00170409","BATH, ME US","2020-03-12","0.00","0.0","0.0","48","26",,,,,
"USC00170409","BATH, ME US","2020-03-13","0.08","0.0","0.0","41","27",,,,,
"USC00170409","BATH, ME US","2020-03-14","1.01","0.0","0.0","49","35","    1",,,,
"USC00170409","BATH, ME US","2020-03-15","0.00","0.0","0.0","50","28",,,,,
"USC00170409","BATH, ME US","2020-03-16","0.00","0.0","0.0","41","18",,,,,
"USC00170409","BATH, ME US","2020-03-17","0.00","0.0","0.0","36","18",,,,,
"USC00170409","BATH, ME US","2020-03-18","0.12","0.0","0.0","39","24","    1",,,,
"USC00170409","BATH, ME US","2020-03-19","0.00","0.0","0.0","50","24",,,,,
"USC00170409","BATH, ME US","2020-03-20","0.24","0.0","0.0","41","34","    1",,,,
"USC00170409","BATH, ME US","2020-03-21","0.02","0.0","0.0","51","34","    1",,,,
"USC00170409","BATH, ME US","2020-03-22","0.00","0.0","0.0","43","18",,,,,
"USC00170409","BATH, ME US","2020-03-23","0.00","0.0","0.0","36","16",,,,,
"USC00170409","BATH, ME US","2020-03-24","0.88","5.0","5.0","36","19",,,,,
"USC00170409","BATH, ME US","2020-03-25","0.00","0.0","3.0","47","20",,,,,
"USC00170409","BATH, ME US","2020-03-26","0.00","0.0","0.0","43","21",,,,,
"USC00170409","BATH, ME US","2020-03-27","0.00","0.0","0.0","51","29",,,,,
"USC00170409","BATH, ME US","2020-03-28","0.00","0.0","0.0","51","22",,,,,
"USC00170409","BATH, ME US","2020-03-29","0.00","0.0","0.0","53","23",,,,,
"USC00170409","BATH, ME US","2020-03-30","0.45","0.0","0.0","46","34","    1","    1","    1",,
"USC00170409","BATH, ME US","2020-03-31","0.21","0.0","0.0","36","30","    1",,"    1",,
"USC00170409","BATH, ME US","2020-04-01","0.00","0.0","0.0","43","26",,,,,
"USC00170409","BATH, ME US","2020-04-02","0.08","0.0","0.0","43","31",,,,,
"USC00170409","BATH, ME US","2020-04-03","0.84","0.0","0.0","44","37",,,,,
"USC00170409","BATH, ME US","2020-04-04","0.24","0.0","0.0","46","37",,,,,
"USC00170409","BATH, ME US","2020-04-05","0.00","0.0","0.0","54","34",,,,,
"USC00170409","BATH, ME US","2020-04-06","0.00","0.0","0.0","49","31",,,,,
"USC00170409","BATH, ME US","2020-04-07","0.00","0.0","0.0","57","27",,,,,
"USC00170409","BATH, ME US","2020-04-08","0.00","0.0","0.0","54","28",,,,,
"USC00170409","BATH, ME US","2020-04-09","0.00","0.0","0.0","55","32",,,,,
"USC00170409","BATH, ME US","2020-04-10","1.82","6.0","6.0","45","31",,,,,
"USC00170409","BATH, ME US","2020-04-11","0.02","0.0","3.0","41","33",,,,,
"USC00170409","BATH, ME US","2020-04-12","0.00","0.0","2.0","45","25",,,,,
"USC00170409","BATH, ME US","2020-04-13","0.03","0.0","0.0","51","25",,,,,
"USC00170409","BATH, ME US","2020-04-14","1.53","0.0","0.0","54","41",,,,,
"USC00170409","BATH, ME US","2020-04-15","0.00","0.0","0.0","57","36",,,,,
"USC00170409","BATH, ME US","2020-04-16","0.00","0.0","0.0","50","26",,,,,
"USC00170409","BATH, ME US","2020-04-17","0.00","0.0","0.0","46","22",,,,,
"USC00170409","BATH, ME US","2020-04-18","0.00","0.0","0.0","49","29",,,,,
"USC00170409","BATH, ME US","2020-04-19","0.00","0.0","0.0","44","25",,,,,
"USC00170409","BATH, ME US","2020-04-20","0.00","0.0","0.0","54","25",,,,,
"USC00170409","BATH, ME US","2020-04-21","0.00","0.0","0.0","52","22",,,,,
"USC00170409","BATH, ME US","2020-04-22","0.35","0.0","0.0","48","22",,,,,
"USC00170409","BATH, ME US","2020-04-23","0.00","0.0","0.0","40","26",,,,,
"USC00170409","BATH, ME US","2020-04-24","0.00","0.0","0.0","53","26",,,,,
"USC00170409","BATH, ME US","2020-04-25","0.00","0.0","0.0","55","28",,,,,
"USC00170409","BATH, ME US","2020-04-26","0.00","0.0","0.0","57","29",,,,,
"USC00170409","BATH, ME US","2020-04-27","0.36","0.0","0.0","58","29",,,,,
"USC00170409","BATH, ME US","2020-04-28","0.29","0.0","0.0","40","34",,,,,
"USC00170409","BATH, ME US","2020-04-29","0.03","0.0","0.0","55","31",,,,,
"USC00170409","BATH, ME US","2020-04-30","0.00","0.0","0.0","57","36",,,,,
"USC00170409","BATH, ME US","2020-05-01","0.02","0.0","0.0","49","42",,,,,
"USC00170409","BATH, ME US","2020-05-02","0.77","0.0","0.0","52","42","    1",,,,
"USC00170409","BATH, ME US","2020-05-03","0.00","0.0","0.0","65","37",,,,,
"USC00170409","BATH, ME US","2020-05-04","0.00","0.0","0.0","65","41","    1",,,,
"USC00170409","BATH, ME US","2020-05-05","0.00","0.0","0.0","63","41",,,,,
"USC00170409","BATH, ME US","2020-05-06","0.00","0.0","0.0","54","30",,,,,
"USC00170409","BATH, ME US","2020-05-07","0.00","0.0","0.0","57","29",,,,,
"USC00170409","BATH, ME US","2020-05-08","0.00","0.0","0.0","58","39",,,,,
"USC00170409","BATH, ME US","2020-05-09","0.33","0.0","0.0","58","33",,,,,
"USC00170409","BATH, ME US","2020-05-10","0.10","0.0","0.0","43","33",,,,,
"USC00170409","BATH, ME US","2020-05-11","0.00","0.0","0.0","53","33",,,,,
"USC00170409","BATH, ME US","2020-05-12","0.31","0.0","0.0","60","37",,,,,
"USC00170409","BATH, ME US","2020-05-13","0.00","0.0","0.0","54","34",,,,,
"USC00170409","BATH, ME US","2020-05-14","0.00","0.0","0.0","57","32",,,,,
"USC00170409","BATH, ME US","2020-05-15","0.00","0.0","0.0","69","32",,,,,
"USC00170409","BATH, ME US","2020-05-16","0.60","0.0","0.0","60","45",,"    1",,,
"USC00170409","BATH, ME US","2020-05-17","0.00","0.0","0.0","64","39",,,,,
"USC00170409","BATH, ME US","2020-05-18","0.00","0.0","0.0","65","42",,,,,
"USC00170409","BATH, ME US","2020-05-19","0.00","0.0","0.0","67","34",,,,,
"USC00170409","BATH, ME US","2020-05-20","0.00","0.0","0.0","62","34",,,,,
"USC00170409","BATH, ME US","2020-05-21","0.00","0.0","0.0","63","42",,,,,
"USC00170409","BATH, ME US","2020-05-22","0.00","0.0","0.0","70","40",,,,,
"USC00170409","BATH, ME US","2020-05-23","0.00","0.0","0.0","83","48",,,,,
"USC00170409","BATH, ME US","2020-05-24","0.00","0.0","0.0","68","32",,,,,
"USC00170409","BATH, ME US","2020-05-25","0.00","0.0","0.0","58","33",,,,,
"USC00170409","BATH, ME US","2020-05-26","0.00","0.0","0.0","62","37","    1",,,,
"USC00170409","BATH, ME US","2020-05-27","0.00","0.0","0.0","71","53","    1",,,,
"USC00170409","BATH, ME US","2020-05-28","0.00","0.0","0.0","76","53",,,,,
"USC00170409","BATH, ME US","2020-05-29","0.00","0.0","0.0","77","58",,,,,
"USC00170409","BATH, ME US","2020-05-30","0.00","0.0","0.0","74","60","    1",,,,
"USC00170409","BATH, ME US","2020-05-31","0.00","0.0","0.0","81","51",,,,,
"USC00170409","BATH, ME US","2020-06-01","0.00","0.0","0.0","62","33",,,,,
"USC00170409","BATH, ME US","2020-06-02","0.00","0.0","0.0","62","37",,,,,
"USC00170409","BATH, ME US","2020-06-03","0.00","0.0","0.0","67","43",,,,,
"USC00170409","BATH, ME US","2020-06-04","0.00","0.0","0.0","70","46",,,,,
"USC00170409","BATH, ME US","2020-06-05","0.00","0.0","0.0","77","55",,,,,
"USC00170409","BATH, ME US","2020-06-06","0.00","0.0","0.0","76","57","    1",,,,
"USC00170409","BATH, ME US","2020-06-07","1.43","0.0","0.0","79","55","    1","    1",,,
"USC00170409","BATH, ME US","2020-06-08","0.00","0.0","0.0","66","48",,,,,
"USC00170409","BATH, ME US","2020-06-09","0.00","0.0","0.0","74","51",,,,,
"USC00170409","BATH, ME US","2020-06-10","0.00","0.0","0.0","72","46",,,,,
"USC00170409","BATH, ME US","2020-06-11","0.00","0.0","0.0","65","50","    1",,,,
"USC00170409","BATH, ME US","2020-06-12","0.87","0.0","0.0","67","57","    1",,,,
"USC00170409","BATH, ME US","2020-06-13","0.00","0.0","0.0","76","46",,,,,
"USC00170409","BATH, ME US","2020-06-14","0.00","0.0","0.0","70","46",,,,,
"USC00170409","BATH, ME US","2020-06-15","0.00","0.0","0.0","70","41",,,,,
"USC00170409","BATH, ME US","2020-06-16","0.00","0.0","0.0","72","41","    1",,,,
"USC00170409","BATH, ME US","2020-06-17","0.00","0.0","0.0","78","46",,,,,
"USC00170409","BATH, ME US","2020-06-18","0.00","0.0","0.0","74","46",,,,,
"USC00170409","BATH, ME US","2020-06-19","0.00","0.0","0.0","83","57",,,,,
"USC00170409","BATH, ME US","2020-06-20","0.00","0.0","0.0","86","59",,,,,
"USC00170409","BATH, ME US","2020-06-21","0.00","0.0","0.0","92","63",,,,,
"USC00170409","BATH, ME US","2020-06-22","0.00","0.0","0.0","77","59","    1",,,,
"USC00170409","BATH, ME US","2020-06-23","0.00","0.0","0.0","78","59","    1",,,,
"USC00170409","BATH, ME US","2020-06-24","0.00","0.0","0.0","76","61","    1",,,,
"USC00170409","BATH, ME US","2020-06-25","0.00","0.0","0.0","74","53","    1",,,,
"USC00170409","BATH, ME US","2020-06-26","0.00","0.0","0.0","78","53",,,,,
"USC00170409","BATH, ME US","2020-06-27","0.00","0.0","0.0","83","55","    1",,,,
"USC00170409","BATH, ME US","2020-06-28","0.00","0.0","0.0","81","56","    1",,,,
"USC00170409","BATH, ME US","2020-06-29","2.22","0.0","0.0","78","61","    1","    1",,,
"USC00170409","BATH, ME US","2020-06-30","2.15","0.0","0.0","64","61","    1",,,,
"USC00170409","BATH, ME US","2020-07-01","0.58","0.0","0.0","69","63","    1",,,,
"USC00170409","BATH, ME US","2020-07-02","0.00","0.0","0.0","76","58","    1",,,,
"USC00170409","BATH, ME US","2020-07-03","0.06","0.0","0.0","79","63","    1","    1",,,
"USC00170409","BATH, ME US","2020-07-04","0.03","0.0","0.0","72","57","    1",,,,
"USC00170409","BATH, ME US","2020-07-05","0.02","0.0","0.0","71","59","    1",,,,
"USC00170409","BATH, ME US","2020-07-06","0.02","0.0","0.0","66","58","    1",,,,
"USC00170409","BATH, ME US","2020-07-07","0.00","0.0","0.0","77","54",,,,,
"USC00170409","BATH, ME US","2020-07-08","0.00","0.0","0.0","72","60",,,,,
"USC00170409","BATH, ME US","2020-07-09","0.92","0.0","0.0","78","61","    1","    1",,,
"USC00170409","BATH, ME US","2020-07-10","0.00","0.0","0.0","81","63","    1",,,,
"USC00170409","BATH, ME US","2020-07-11","0.53","0.0","0.0","81","66","    1",,,,
"USC00170409","BATH, ME US","2020-07-12","0.00","0.0","0.0","82","68",,,,,
"USC00170409","BATH, ME US","2020-07-13","0.00","0.0","0.0","88","64",,,,,
"USC00170409","BATH, ME US","2020-07-14","0.00","0.0","0.0","81","60",,,,,
"USC00170409","BATH, ME US","2020-07-15","0.12","0.0","0.0","74","60",,"    1",,,
"USC00170409","BATH, ME US","2020-07-16","0.00","0.0","0.0","77","53",,,,,
"USC00170409","BATH, ME US","2020-07-17","0.01","0.0","0.0","69","52",,,,,
"USC00170409","BATH, ME US","2020-07-18","0.02","0.0","0.0","65","60","    1",,,,
"USC00170409","BATH, ME US","2020-07-19","0.00","0.0","0.0","86","63",,,,,
"USC00170409","BATH, ME US","2020-07-20","0.00","0.0","0.0","87","64",,,,,
"USC00170409","BATH, ME US","2020-07-21","0.00","0.0","0.0","93","62",,,,,
"USC00170409","BATH, ME US","2020-07-22","0.00","0.0","0.0","86","60",,,,,
"USC00170409","BATH, ME US","2020-07-23","0.16","0.0","0.0","77","62","    1","    1",,,
"USC00170409","BATH, ME US","2020-07-24","0.01","0.0","0.0","83","65","    1",,,,
"USC00170409","BATH, ME US","2020-07-25","0.00","0.0","0.0","84","58",,,,,
"USC00170409","BATH, ME US","2020-07-26","0.00","0.0","0.0","87","61",,,,,
"USC00170409","BATH, ME US","2020-07-27","0.00","0.0","0.0","90","64",,,,,
"USC00170409","BATH, ME US","2020-07-28","0.05","0.0","0.0","89","68",,,,,
"USC00170409","BATH, ME US","2020-07-29","0.00","0.0","0.0","91","60",,,,,
"USC00170409","BATH, ME US","2020-07-30","0.04","0.0","0.0","87","64",,,,,
"USC00170409","BATH, ME US","2020-07-31","0.43","0.0","0.0","84","58","    1","    1",,,
"USC00170409","BATH, ME US","2020-08-01","0.00","0.0","0.0","84","58",,,,,
"USC00170409","BATH, ME US","2020-08-02","0.00","0.0","0.0","87","60",,,,,
"USC00170409","BATH, ME US","2020-08-03","0.00","0.0","0.0","83","68","    1",,,,
"USC00170409","BATH, ME US","2020-08-04","0.00","0.0","0.0","88","60",,,,,
"USC00170409","BATH, ME US","2020-08-05","0.42","0.0","0.0","75","65","    1",,,,
"USC00170409","BATH, ME US","2020-08-06","0.00","0.0","0.0","81","52",,,,,
"USC00170409","BATH, ME US","2020-08-07","0.00","0.0","0.0","80","52",,,,,
"USC00170409","BATH, ME US","2020-08-08","0.00","0.0","0.0","81","56",,,,,
"USC00170409","BATH, ME US","2020-08-09","0.00","0.0","0.0","81","58",,,,,
"USC00170409","BATH, ME US","2020-08-10","0.00","0.0","0.0","85","59",,,,,
"USC00170409","BATH, ME US","2020-08-11","0.00","0.0","0.0","88","63","    1",,,,
"USC00170409","BATH, ME US","2020-08-12","0.00","0.0","0.0","89","63",,,,,
"USC00170409","BATH, ME US","2020-08-13","0.00","0.0","0.0","90","61",,,,,
"USC00170409","BATH, ME US","2020-08-14","0.00","0.0","0.0","89","62",,,,,
"USC00170409","BATH, ME US","2020-08-15","0.00","0.0","0.0","87","58",,,,,
"USC00170409","BATH, ME US","2020-08-16","0.00","0.0","0.0","77","54",,,,,
"USC00170409","BATH, ME US","2020-08-17","0.00","0.0","0.0","73","59",,,,,
"USC00170409","BATH, ME US","2020-08-18","0.74","0.0","0.0","75","59",,,,,
"USC00170409","BATH, ME US","2020-08-19","0.63","0.0","0.0","80","52","    1","    1",,,
"USC00170409","BATH, ME US","2020-08-20","0.01","0.0","0.0","76","50",,,,,
"USC00170409","BATH, ME US","2020-08-21","0.00","0.0","0.0","77","49",,,,,
"USC00170409","BATH, ME US","2020-08-22","0.00","0.0","0.0","81","59",,,,,
"USC00170409","BATH, ME US","2020-08-23","0.00","0.0","0.0","79","57","    1",,,,
"USC00170409","BATH, ME US","2020-08-24","0.00","0.0","0.0","77","61","    1",,,,
"USC00170409","BATH, ME US","2020-08-25","0.06","0.0","0.0","84","65","    1",,,,
"USC00170409","BATH, ME US","2020-08-26","0.15","0.0","0.0","88","56",,"    1",,,
"USC00170409","BATH, ME US","2020-08-27","0.00","0.0","0.0","71","44",,,,,
"USC00170409","BATH, ME US","2020-08-28","0.00","0.0","0.0","67","45",,,,,
"USC00170409","BATH, ME US","2020-08-29","0.00","0.0","0.0","76","50",,,,,
"USC00170409","BATH, ME US","2020-08-30","1.37","0.0","0.0","63","56","    1",,,,
"USC00170409","BATH, ME US","2020-08-31","0.00","0.0","0.0","70","47",,,,,
"USC00170409","BATH, ME US","2020-09-01","0.00","0.0","0.0","73","48",,,,,
"USC00170409","BATH, ME US","2020-09-02","0.00","0.0","0.0","71","50",,,,,
"USC00170409","BATH, ME US","2020-09-03","0.12","0.0","0.0","72","51","    1",,,,
"USC00170409","BATH, ME US","2020-09-04","0.00","0.0","0.0","74","58",,,,,
"USC00170409","BATH, ME US","2020-09-05","0.00","0.0","0.0","83","45","    1",,,,
"USC00170409","BATH, ME US","2020-09-06","0.00","0.0","0.0","75","45",,,,,
"USC00170409","BATH, ME US","2020-09-07","0.00","0.0","0.0","75","49",,,,,
"USC00170409","BATH, ME US","2020-09-08","0.00","0.0","0.0","75","61",,,,,
"USC00170409","BATH, ME US","2020-09-09","0.00","0.0","0.0","78","63","    1",,,,
"USC00170409","BATH, ME US","2020-09-10","0.01","0.0","0.0","73","64","    1",,,,
"USC00170409","BATH, ME US","2020-09-11","0.00","0.0","0.0","79","56",,,,,
"USC00170409","BATH, ME US","2020-09-12","0.00","0.0","0.0","70","39","    1",,,,
"USC00170409","BATH, ME US","2020-09-13","0.00","0.0","0.0","69","39",,,,,
"USC00170409","BATH, ME US","2020-09-14","0.00","0.0","0.0","69","43",,,,,
"USC00170409","BATH, ME US","2020-09-15","0.00","0.0","0.0","73","34",,,,,
"USC00170409","BATH, ME US","2020-09-16","0.00","0.0","0.0","62","34",,,,,
"USC00170409","BATH, ME US","2020-09-17","0.00","0.0","0.0","68","51",,,,,
"USC00170409","BATH, ME US","2020-09-18","0.00","0.0","0.0","74","50",,,,,
"USC00170409","BATH, ME US","2020-09-19","0.00","0.0","0.0","64","38",,,,,
"USC00170409","BATH, ME US","2020-09-20","0.00","0.0","0.0","61","32",,,,,
"USC00170409","BATH, ME US","2020-09-21","0.00","0.0","0.0","60","29",,,,,
"USC00170409","BATH, ME US","2020-09-22","0.00","0.0","0.0","63","31",,,,,
"USC00170409","BATH, ME US","2020-09-23","0.00","0.0","0.0","64","36",,,,,
"USC00170409","BATH, ME US","2020-09-24","0.00","0.0","0.0","77","51",,,,,
"USC00170409","BATH, ME US","2020-09-25","0.00","0.0","0.0","80","50",,,,,
"USC00170409","BATH, ME US","2020-09-26","0.00","0.0","0.0","70","48","    1",,,,
"USC00170409","BATH, ME US","2020-09-27","0.00","0.0","0.0","64","54","    1",,,,
"USC00170409","BATH, ME US","2020-09-28","0.08","0.0","0.0","69","59","    1",,,,
"USC00170409","BATH, ME US","2020-09-29","0.04","0.0","0.0","67","61","    1",,,,
"USC00170409","BATH, ME US","2020-09-30","0.51","0.0","0.0","70","62","    1",,,,"    1"
"USC00170409","BATH, ME US","2020-10-01","0.29","0.0","0.0","73","53",,,,,"    1"
"USC00170409","BATH, ME US","2020-10-02","0.00","0.0","0.0","68","47","    1",,,,
"USC00170409","BATH, ME US","2020-10-03","0.07","0.0","0.0","56","37","    1",,,,
"USC00170409","BATH, ME US","2020-10-04","0.00","0.0","0.0","63","37","    1",,,,
"USC00170409","BATH, ME US","2020-10-05","0.00","0.0","0.0","61","46",,,,,
"USC00170409","BATH, ME US","2020-10-06","0.00","0.0","0.0","63","44",,,,,
"USC00170409","BATH, ME US","2020-10-07","0.00","0.0","0.0","62","53",,,,,
"USC00170409","BATH, ME US","2020-10-08","0.05","0.0","0.0","64","50",,,,,
"USC00170409","BATH, ME US","2020-10-09","0.00","0.0","0.0","55","32",,,,,
"USC00170409","BATH, ME US","2020-10-10","0.00","0.0","0.0","56","33",,,,,
"USC00170409","BATH, ME US","2020-10-11","0.00","0.0","0.0","69","46",,,,,
"USC00170409","BATH, ME US","2020-10-12","0.00","0.0","0.0","55","27",,,,,
"USC00170409","BATH, ME US","2020-10-13","0.00","0.0","0.0","51","28",,,,,
"USC00170409","BATH, ME US","2020-10-14","2.52","0.0","0.0","53","39","    1",,,,
"USC00170409","BATH, ME US","2020-10-15","0.00","0.0","0.0","66","36",,,,,
"USC00170409","BATH, ME US","2020-10-16","0.00","0.0","0.0","66","39",,,,,
"USC00170409","BATH, ME US","2020-10-17","1.00","0.0","0.0","64","45",,,,,
"USC00170409","BATH, ME US","2020-10-18","0.55","0.0","0.0","49","28","    1",,,,
"USC00170409","BATH, ME US","2020-10-19","0.00","0.0","0.0","59","28","    1",,,,
"USC00170409","BATH, ME US","2020-10-20","0.00","0.0","0.0","59","34","    1",,,,
"USC00170409","BATH, ME US","2020-10-21","0.01","0.0","0.0","60","46",,,,,
"USC00170409","BATH, ME US","2020-10-22","0.01","0.0","0.0","55","49","    1",,,,
"USC00170409","BATH, ME US","2020-10-23","0.00","0.0","0.0","65","51",,,,,
"USC00170409","BATH, ME US","2020-10-24","0.00","0.0","0.0","59","52",,,,,
"USC00170409","BATH, ME US","2020-10-25","0.00","0.0","0.0","59","32",,,,,
"USC00170409","BATH, ME US","2020-10-26","0.00","0.0","0.0","48","28",,,,,
"USC00170409","BATH, ME US","2020-10-27","0.17","0.0","0.0","47","37",,,,,
"USC00170409","BATH, ME US","2020-10-28","0.00","0.0","0.0","53","34",,,,,
"USC00170409","BATH, ME US","2020-10-29","0.05","0.0","0.0","40","34","    1",,,,
"USC00170409","BATH, ME US","2020-10-30","0.29","0.0","0.0","46","32","    1",,,,
"USC00170409","BATH, ME US","2020-10-31","0.00","0.0","0.0","36","19",,,,,
"USC00170409","BATH, ME US","2020-11-01","0.01","0.0","0.0","43","17",,,,,
"USC00170409","BATH, ME US","2020-11-02","1.36","0.0","0.0","48","34",,,,,
"USC00170409","BATH, ME US","2020-11-03","0.00","0.0","0.0","41","29",,,,,
"USC00170409","BATH, ME US","2020-11-04","0.00","0.0","0.0","40","21",,,,,
"USC00170409","BATH, ME US","2020-11-05","0.00","0.0","0.0","44","28","    1",,,,
"USC00170409","BATH, ME US","2020-11-06","0.00","0.0","0.0","59","34",,,,,
"USC00170409","BATH, ME US","2020-11-07","0.00","0.0","0.0","63","43",,,,,
"USC00170409","BATH, ME US","2020-11-08","0.00","0.0","0.0","71","38",,,,,
"USC00170409","BATH, ME US","2020-11-09","0.00","0.0","0.0","63","40","    1",,,,
"USC00170409","BATH, ME US","2020-11-10","0.00","0.0","0.0","60","35","    1",,,,
"USC00170409","BATH, ME US","2020-11-11","0.00","0.0","0.0","65","36","    1",,,,
"USC00170409","BATH, ME US","2020-11-12","0.00","0.0","0.0","65","54",,,,,
"USC00170409","BATH, ME US","2020-11-13","0.02","0.0","0.0","60","36",,,,,
"USC00170409","BATH, ME US","2020-11-14","0.08","0.0","0.0","43","30","    1",,,,
"USC00170409","BATH, ME US","2020-11-15","0.00","0.0","0.0","51","22",,,,,
"USC00170409","BATH, ME US","2020-11-16","0.58","0.0","0.0","54","22",,,,,
"USC00170409","BATH, ME US","2020-11-17","0.00","0.0","0.0","51","29",,,,,
"USC00170409","BATH, ME US","2020-11-18","0.00","0.0","0.0","46","25",,,,,
"USC00170409","BATH, ME US","2020-11-19","0.00","0.0","0.0","31","14",,,,,
"USC00170409","BATH, ME US","2020-11-20","0.00","0.0","0.0","43","15",,,,,
"USC00170409","BATH, ME US","2020-11-21","0.00","0.0","0.0","51","37",,,,,
"USC00170409","BATH, ME US","2020-11-22","0.00","0.0","0.0","55","20",,,,,
"USC00170409","BATH, ME US","2020-11-23","0.56","0.0","0.0","50","21",,,,,
"USC00170409","BATH, ME US","2020-11-24","2.00","0.0","0.0","56","31","    1","    1",,,
"USC00170409","BATH, ME US","2020-11-25","0.00","0.0","0.0","37","18",,,,,
"USC00170409","BATH, ME US","2020-11-26","0.21","0.0","0.0","32","24","    1",,,"    1",
"USC00170409","BATH, ME US","2020-11-27","0.74","0.0","0.0","37","32","    1",,,,
"USC00170409","BATH, ME US","2020-11-28","0.02","0.0","0.0","45","32","    1",,,,
"USC00170409","BATH, ME US","2020-11-29","0.00","0.0","0.0","43","26","    1",,,,
"USC00170409","BATH, ME US","2020-11-30","0.00","0.0","0.0","48","25","    1",,,,
"USC00170409","BATH, ME US","2020-12-01","2.01","0.0","0.0","57","28",,,,,"    1"
"USC00170409","BATH, ME US","2020-12-02","0.22","0.0","0.0","59","38",,,,,
"USC00170409","BATH, ME US","2020-12-03","0.00","0.0","0.0","41","27",,,,,
"USC00170409","BATH, ME US","2020-12-04","0.00","0.0","0.0","43","30",,,,,
"USC00170409","BATH, ME US","2020-12-05","0.00","0.0","0.0","50","32",,,,,
"USC00170409","BATH, ME US","2020-12-06","2.42","1.0","1.0","37","29",,,"    1",,
"USC00170409","BATH, ME US","2020-12-07","0.00","0.0","1.0","33","23",,,,,
"USC00170409","BATH, ME US","2020-12-08","0.00","0.0","1.0","34","24",,,,,
"USC00170409","BATH, ME US","2020-12-09","0.00","0.0","1.0","30","19",,,,,
"USC00170409","BATH, ME US","2020-12-10","0.00","0.0","1.0","31","17",,,,,
"USC00170409","BATH, ME US","2020-12-11","0.00","0.0","1.0","42","26",,,,,
"USC00170409","BATH, ME US","2020-12-12","0.00","0.0","1.0","42","26",,,,,
"USC00170409","BATH, ME US","2020-12-13","0.26","0.0","0.0","41","27","    1",,,,
"USC00170409","BATH, ME US","2020-12-14","0.00","0.0","0.0","40","26","    1",,,,
"USC00170409","BATH, ME US","2020-12-15","0.00","0.0","0.0","32","25",,,,,
"USC00170409","BATH, ME US","2020-12-16","0.00","0.0","0.0","30","8",,,,,
"USC00170409","BATH, ME US","2020-12-17","0.06","1.0","1.0","19","8",,,,,
"USC00170409","BATH, ME US","2020-12-18","0.71","15.0","16.0","19","11",,,,,
"USC00170409","BATH, ME US","2020-12-19","0.00","0.0","15.0","25","1",,,,,
"USC00170409","BATH, ME US","2020-12-20","0.00","0.0","12.0","29","0",,,,,
"USC00170409","BATH, ME US","2020-12-21","0.12","0.8","11.0","31","11","    1",,,"    1",
"USC00170409","BATH, ME US","2020-12-22","0.00","0.0","10.0","31","23","    1",,,,
"USC00170409","BATH, ME US","2020-12-23","0.00","0.0","7.0","44","26",,,,,
"USC00170409","BATH, ME US","2020-12-24","0.00","0.0","6.0","38","18",,,,,
"USC00170409","BATH, ME US","2020-12-25","0.17","0.0","0.0","56","38",,,,,"    1"
"USC00170409","BATH, ME US","2020-12-26","0.98","0.0","0.0","57","36",,,,,
"USC00170409","BATH, ME US","2020-12-27","0.00","0.0","0.0","36","21",,,,,
"USC00170409","BATH, ME US","2020-12-28","0.00","0.0","0.0","36","20",,,,,
"USC00170409","BATH, ME US","2020-12-29","0.02","0.0","0.0","45","27",,,,,
"USC00170409","BATH, ME US","2020-12-30","0.00","0.0","0.0","31","16",,,,,
"USC00170409","BATH, ME US","2020-12-31","0.02","0.0","0.0","38","16",,,,,
"USC00170409","BATH, ME US","2021-01-01","0.00","0.0","0.0","43","17",,,,,
"USC00170409","BATH, ME US","2021-01-02","0.28","2.0","2.0","35","17",,,,,
"USC00170409","BATH, ME US","2021-01-03","0.26","0.0","2.0","34","18",,,,,
"USC00170409","BATH, ME US","2021-01-04","0.00","0.0","2.0","30","19",,,,,
"USC00170409","BATH, ME US","2021-01-05","0.00","0.0","2.0","33","26",,,,,
"USC00170409","BATH, ME US","2021-01-06","0.05","1.0","3.0","31","27",,,,,
"USC00170409","BATH, ME US","2021-01-07","0.00","0.0","3.0","36","27",,,,,
"USC00170409","BATH, ME US","2021-01-08","0.00","0.0","2.0","40","20",,,,,
"USC00170409","BATH, ME US","2021-01-09","0.00","0.0","2.0","36","16",,,,,
"USC00170409","BATH, ME US","2021-01-10","0.00","0.0","1.0","32","17",,,,,
"USC00170409","BATH, ME US","2021-01-11","0.00","0.0","1.0","37","11",,,,,
"USC00170409","BATH, ME US","2021-01-12","0.00","0.0","1.0","32","11",,,,,
"USC00170409","BATH, ME US","2021-01-13","0.00","0.0","1.0","39","22",,,,,
"USC00170409","BATH, ME US","2021-01-14","0.00","0.0","1.0","36","23",,,,,
"USC00170409","BATH, ME US","2021-01-15","0.00","0.0","1.0","37","23",,,,,
"USC00170409","BATH, ME US","2021-01-16","0.02","0.0","1.0","42","30",,,,,
"USC00170409","BATH, ME US","2021-01-17","2.18","0.0","0.0","47","34",,,,,
"USC00170409","BATH, ME US","2021-01-18","0.00","0.0","0.0","42","32",,,,,
"USC00170409","BATH, ME US","2021-01-19","0.00","0.0","0.0","40","19",,,,,
"USC00170409","BATH, ME US","2021-01-20","0.00","0.0","0.0","33","18",,,,,
"USC00170409","BATH, ME US","2021-01-21","0.00","0.0","0.0","34","12",,,,,
"USC00170409","BATH, ME US","2021-01-22","0.03","0.6","1.0","25","13",,,,,
"USC00170409","BATH, ME US","2021-01-23","0.00","0.0","0.0","36","22",,,,,
"USC00170409","BATH, ME US","2021-01-24","0.00","0.0","0.0","28","11",,,,,
"USC00170409","BATH, ME US","2021-01-25","0.00","0.0","0.0","25","14",,,,,
"USC00170409","BATH, ME US","2021-01-26","0.00","0.0","0.0","34","15",,,,,
"USC00170409","BATH, ME US","2021-01-27","0.16","3.0","3.0","33","15",,,,,
"USC00170409","BATH, ME US","2021-01-28","0.08","1.0","3.0","32","27",,,,,
"USC00170409","BATH, ME US","2021-01-29","0.04","0.6","3.0","30","8",,,,,
"USC00170409","BATH, ME US","2021-01-30","0.01","0.2","3.0","22","5",,,,,
"USC00170409","BATH, ME US","2021-01-31","0.00","0.0","3.0","17","-7",,,,,
"USC00170409","BATH, ME US","2021-02-01","0.00","0.0","3.0","23","-6",,,,,
"USC00170409","BATH, ME US","2021-02-02","0.44","5.0","8.0","26","4",,,,,
"USC00170409","BATH, ME US","2021-02-03","0.72","3.0","10.0","31","26",,,"    1",,
"USC00170409","BATH, ME US","2021-02-04","0.00","0.0","9.0","38","31",,,,,
"USC00170409","BATH, ME US","2021-02-05","0.00","0.0","8.0","40","14",,,,,
"USC00170409","BATH, ME US","2021-02-06","0.20","0.0","7.0","36","14","    1",,,,
"USC00170409","BATH, ME US","2021-02-07","0.00","0.0","6.0","37","14",,,,,
"USC00170409","BATH, ME US","2021-02-08","0.28","3.0","9.0","29","14",,,,,
"USC00170409","BATH, ME US","2021-02-09","0.00","0.0","8.0","26","1",,,,,
"USC00170409","BATH, ME US","2021-02-10","0.09","1.5","9.0","22","2",,,,,
"USC00170409","BATH, ME US","2021-02-11","0.00","0.0","9.0","30","0",,,,,
"USC00170409","BATH, ME US","2021-02-12","0.00","0.0","8.0","27","0",,,,,
"USC00170409","BATH, ME US","2021-02-13","0.00","0.0","8.0","21","-1",,,,,
"USC00170409","BATH, ME US","2021-02-14","0.00","0.0","8.0","23","7",,,,,
"USC00170409","BATH, ME US","2021-02-15","0.00","0.0","8.0","26","12",,,,,
"USC00170409","BATH, ME US","2021-02-16","0.16","0.5","8.0","29","12","    1",,,,
"USC00170409","BATH, ME US","2021-02-17","0.33","0.0","7.0","31","15","    1",,,"    1",
"USC00170409","BATH, ME US","2021-02-18","0.00","0.0","7.0","29","12",,,,,
"USC00170409","BATH, ME US","2021-02-19","0.00","0.0","7.0","25","12",,,,,
"USC00170409","BATH, ME US","2021-02-20","0.05","1.6","8.0","25","21",,,,,
"USC00170409","BATH, ME US","2021-02-21","0.00","0.0","8.0","34","14",,,,,
"USC00170409","BATH, ME US","2021-02-22","0.00","0.0","8.0","34","6",,,,,
"USC00170409","BATH, ME US","2021-02-23","0.71","0.0","7.0","38","12",,,,,
"USC00170409","BATH, ME US","2021-02-24","0.00","0.0","6.0","43","28",,,,,
"USC00170409","BATH, ME US","2021-02-25","0.00","0.0","5.0","48","33",,,,,
"USC00170409","BATH, ME US","2021-02-26","0.00","0.0","4.0","42","16",,,,,
"USC00170409","BATH, ME US","2021-02-27","0.00","0.0","3.0","33","15",,,,,
"USC00170409","BATH, ME US","2021-02-28","0.56","0.0","2.0","41","27","    1",,,,
"USC00170409","BATH, ME US","2021-03-01","0.13","0.0","2.0","44","29",,,,,
"USC00170409","BATH, ME US","2021-03-02","0.23","0.0","2.0","41","6","    1",,,,
"USC00170409","BATH, ME US","2021-03-03","0.00","0.0","2.0","21","6",,,,,
"USC00170409","BATH, ME US","2021-03-04","0.00","0.0","2.0","37","15",,,,,
"USC00170409","BATH, ME US","2021-03-05","0.00","0.0","2.0","34","16",,,,,
"USC00170409","BATH, ME US","2021-03-06","0.00","0.0","2.0","24","10",,,,,
"USC00170409","BATH, ME US","2021-03-07","0.00","0.0","1.0","32","9",,,,,
"USC00170409","BATH, ME US","2021-03-08","0.00","0.0","1.0","34","12",,,,,
"USC00170409","BATH, ME US","2021-03-09","0.00","0.0","1.0","39","18",,,,,
"USC00170409","BATH, ME US","2021-03-10","0.00","0.0","0.0","48","20",,,,,
"USC00170409","BATH, ME US","2021-03-11","0.00","0.0","0.0","43","20",,,,,
"USC00170409","BATH, ME US","2021-03-12","0.00","0.0","0.0","53","38",,,,,
"USC00170409","BATH, ME US","2021-03-13","0.00","0.0","0.0","59","29",,,,,
"USC00170409","BATH, ME US","2021-03-14","0.00","0.0","0.0","40","21",,,,,
"USC00170409","BATH, ME US","2021-03-15","0.00","0.0","0.0","35","8",,,,,
"USC00170409","BATH, ME US","2021-03-16","0.00","0.0","0.0","19","8",,,,,
"USC00170409","BATH, ME US","2021-03-17","0.00","0.0","0.0","36","13",,,,,
"USC00170409","BATH, ME US","2021-03-18","0.00","0.0","0.0","49","16",,,,,
"USC00170409","BATH, ME US","2021-03-19","0.15","0.0","0.0","44","22",,,,,
"USC00170409","BATH, ME US","2021-03-20","0.00","0.0","0.0","37","18",,,,,
"USC00170409","BATH, ME US","2021-03-21","0.00","0.0","0.0","51","20",,,,,
"USC00170409","BATH, ME US","2021-03-22","0.00","0.0","0.0","59","21",,,,,
"USC00170409","BATH, ME US","2021-03-23","0.00","0.0","0.0","59","21","    1",,,,
"USC00170409","BATH, ME US","2021-03-24","0.00","0.0","0.0","61","30","    1",,,,
"USC00170409","BATH, ME US","2021-03-25","0.00","0.0","0.0","55","34","    1",,,,
"USC00170409","BATH, ME US","2021-03-26","0.03","0.0","0.0","51","43","    1",,,,
"USC00170409","BATH, ME US","2021-03-27","0.36","0.0","0.0","51","38","    1","    1",,,
"USC00170409","BATH, ME US","2021-03-28","0.00","0.0","0.0","50","38",,,,,
"USC00170409","BATH, ME US","2021-03-29","1.55","0.0","0.0","42","38",,,,,
"USC00170409","BATH, ME US","2021-03-30","0.00","0.0","0.0","45","22",,,,,
"USC00170409","BATH, ME US","2021-03-31","0.00","0.0","0.0","47","22",,,,,
"USC00170409","BATH, ME US","2021-04-01","0.65","0.0","0.0","57","43",,,,,
"USC00170409","BATH, ME US","2021-04-02","0.23","0.0","0.0","47","25",,,,,
"USC00170409","BATH, ME US","2021-04-03","0.00","0.0","0.0","40","19",,,,,
"USC00170409","BATH, ME US","2021-04-04","0.00","0.0","0.0","47","20",,,,,
"USC00170409","BATH, ME US","2021-04-05","0.06","0.0","0.0","57","20",,,,,
"USC00170409","BATH, ME US","2021-04-06","0.04","0.0","0.0","46","35",,,,,
"USC00170409","BATH, ME US","2021-04-07","0.00","0.0","0.0","59","33",,,,,
"USC00170409","BATH, ME US","2021-04-08","0.00","0.0","0.0","60","34",,,,,
"USC00170409","BATH, ME US","2021-04-09","0.00","0.0","0.0","65","33",,,,,
"USC00170409","BATH, ME US","2021-04-10","0.00","0.0","0.0","61","35",,,,,
"USC00170409","BATH, ME US","2021-04-11","0.00","0.0","0.0","73","35",,,,,
"USC00170409","BATH, ME US","2021-04-12","0.00","0.0","0.0","58","32",,,,,
"USC00170409","BATH, ME US","2021-04-13","0.00","0.0","0.0","57","36",,,,,
"USC00170409","BATH, ME US","2021-04-14","0.00","0.0","0.0","64","32",,,,,
"USC00170409","BATH, ME US","2021-04-15","0.00","0.0","0.0","59","28",,,,,
"USC00170409","BATH, ME US","2021-04-16","0.00","0.0","0.0","54","32",,,,,
"USC00170409","BATH, ME US","2021-04-17","0.64","0.5","0.0","39","32",,,,,
"USC00170409","BATH, ME US","2021-04-18","0.04","0.0","0.0","46","34",,,,,
"USC00170409","BATH, ME US","2021-04-19","0.00","0.0","0.0","51","30",,,,,
"USC00170409","BATH, ME US","2021-04-20","0.00","0.0","0.0","62","31","    1",,,,
"USC00170409","BATH, ME US","2021-04-21","0.04","0.0","0.0","63","31","    1",,,,
"USC00170409","BATH, ME US","2021-04-22","0.13","0.0","0.0","59","31",,,,,
"USC00170409","BATH, ME US","2021-04-23","0.00","0.0","0.0","40","31",,,,,
"USC00170409","BATH, ME US","2021-04-24","0.00","0.0","0.0","58","36",,,,,
"USC00170409","BATH, ME US","2021-04-25","0.00","0.0","0.0","72","35",,,,,
"USC00170409","BATH, ME US","2021-04-26","0.01","0.0","0.0","56","35",,,,,
"USC00170409","BATH, ME US","2021-04-27","0.00","0.0","0.0","49","35",,,,,
"USC00170409","BATH, ME US","2021-04-28","0.00","0.0","0.0","67","38",,,,,
"USC00170409","BATH, ME US","2021-04-29","0.18","0.0","0.0","61","40","    1",,,,
"USC00170409","BATH, ME US","2021-04-30","0.88","0.0","0.0","49","45","    1",,,,
"USC00170409","BATH, ME US","2021-05-01","0.44","0.0","0.0","49","43","    1",,,,
"USC00170409","BATH, ME US","2021-05-02","0.00","0.0","0.0","56","40",,,,,
"USC00170409","BATH, ME US","2021-05-03","0.00","0.0","0.0","71","47",,,,,
"USC00170409","BATH, ME US","2021-05-04","0.00","0.0","0.0","58","43",,,,,
"USC00170409","BATH, ME US","2021-05-05","0.07","0.0","0.0","60","45",,,,,
"USC00170409","BATH, ME US","2021-05-06","0.28","0.0","0.0","46","44","    1",,,,
"USC00170409","BATH, ME US","2021-05-07","0.00","0.0","0.0","60","32",,,,,
"USC00170409","BATH, ME US","2021-05-08","0.00","0.0","0.0","59","33",,,,,
"USC00170409","BATH, ME US","2021-05-09","0.00","0.0","0.0","53","40",,,,,
"USC00170409","BATH, ME US","2021-05-10","0.00","0.0","0.0","62","44",,,,,
"USC00170409","BATH, ME US","2021-05-11","0.00","0.0","0.0","65","46",,,,,
"USC00170409","BATH, ME US","2021-05-12","0.03","0.0","0.0","60","36",,,,,
"USC00170409","BATH, ME US","2021-05-13","0.03","0.0","0.0","64","35",,,,,
"USC00170409","BATH, ME US","2021-05-14","0.00","0.0","0.0","65","37",,,,,
"USC00170409","BATH, ME US","2021-05-15","0.02","0.0","0.0","72","39",,,,,
"USC00170409","BATH, ME US","2021-05-16","0.00","0.0","0.0","72","41",,,,,
"USC00170409","BATH, ME US","2021-05-17","0.00","0.0","0.0","75","40",,,,,
"USC00170409","BATH, ME US","2021-05-18","0.00","0.0","0.0","73","41","    1",,,,
"USC00170409","BATH, ME US","2021-05-19","0.00","0.0","0.0","79","47",,,,,
"USC00170409","BATH, ME US","2021-05-20","0.00","0.0","0.0","77","42",,,,,
"USC00170409","BATH, ME US","2021-05-21","0.01","0.0","0.0","68","50",,,,,
"USC00170409","BATH, ME US","2021-05-22","0.00","0.0","0.0","68","54",,,,,
"USC00170409","BATH, ME US","2021-05-23","0.00","0.0","0.0","72","55",,,,,
"USC00170409","BATH, ME US","2021-05-24","0.02","0.0","0.0","82","38",,,,,
"USC00170409","BATH, ME US","2021-05-25","0.00","0.0","0.0","61","50",,,,,
"USC00170409","BATH, ME US","2021-05-26","0.00","0.0","0.0","66","53",,,,,
"USC00170409","BATH, ME US","2021-05-27","0.17","0.0","0.0","78","62","    1","    1",,,
"USC00170409","BATH, ME US","2021-05-28","0.00","0.0","0.0","75","46",,,,,
"USC00170409","BATH, ME US","2021-05-29","0.33","0.0","0.0","59","42",,,,,
"USC00170409","BATH, ME US","2021-05-30","0.12","0.0","0.0","50","42",,,,,
"USC00170409","BATH, ME US","2021-05-31","0.57","0.0","0.0","53","47","    1",,,,
"USC00170409","BATH, ME US","2021-06-01","0.02","0.0","0.0","57","46","    1",,,,
"USC00170409","BATH, ME US","2021-06-02","0.00","0.0","0.0","77","44",,,,,
"USC00170409","BATH, ME US","2021-06-03","0.00","0.0","0.0","78","50",,,,,
"USC00170409","BATH, ME US","2021-06-04","0.14","0.0","0.0","67","58","    1",,,,
"USC00170409","BATH, ME US","2021-06-05","0.00","0.0","0.0","78","52",,,,,
"USC00170409","BATH, ME US","2021-06-06","0.00","0.0","0.0","78","57",,,,,
"USC00170409","BATH, ME US","2021-06-07","0.00","0.0","0.0","84","60",,,,,
"USC00170409","BATH, ME US","2021-06-08","0.00","0.0","0.0","89","63",,,,,
"USC00170409","BATH, ME US","2021-06-09","0.02","0.0","0.0","90","66",,,,,
"USC00170409","BATH, ME US","2021-06-10","0.00","0.0","0.0","86","58",,,,,
"USC00170409","BATH, ME US","2021-06-11","0.00","0.0","0.0","71","50",,,,,
"USC00170409","BATH, ME US","2021-06-12","0.00","0.0","0.0","60","46",,,,,
"USC00170409","BATH, ME US","2021-06-13","0.00","0.0","0.0","73","46",,,,,
"USC00170409","BATH, ME US","2021-06-14","0.00","0.0","0.0","83","58",,,,,
"USC00170409","BATH, ME US","2021-06-15","0.17","0.0","0.0","70","59","    1",,,,
"USC00170409","BATH, ME US","2021-06-16","0.02","0.0","0.0","69","54","    1",,,,
"USC00170409","BATH, ME US","2021-06-17","0.00","0.0","0.0","74","44",,,,,
"USC00170409","BATH, ME US","2021-06-18","0.00","0.0","0.0","77","44",,,,,
"USC00170409","BATH, ME US","2021-06-19","0.00","0.0","0.0","76","56",,,,,
"USC00170409","BATH, ME US","2021-06-20","0.11","0.0","0.0","78","56",,,,,
"USC00170409","BATH, ME US","2021-06-21","0.00","0.0","0.0","83","55",,,,,
"USC00170409","BATH, ME US","2021-06-22","0.00","0.0","0.0","78","63",,,,,
"USC00170409","BATH, ME US","2021-06-23","0.28","0.0","0.0","82","51",,,,,
"USC00170409","BATH, ME US","2021-06-24","0.00","0.0","0.0","73","43","    1",,,,
"USC00170409","BATH, ME US","2021-06-25","0.00","0.0","0.0","73","46",,,,,
"USC00170409","BATH, ME US","2021-06-26","0.25","0.0","0.0","66","57","    1","    1",,,
"USC00170409","BATH, ME US","2021-06-27","0.00","0.0","0.0","73","61",,,,,
"USC00170409","BATH, ME US","2021-06-28","0.00","0.0","0.0","81","67",,,,,
"USC00170409","BATH, ME US","2021-06-29","0.01","0.0","0.0","88","66",,,,,
"USC00170409","BATH, ME US","2021-06-30","0.00","0.0","0.0","93","66",,,,,
"USC00170409","BATH, ME US","2021-07-01","0.00","0.0","0.0","92","66",,"    1",,,
"USC00170409","BATH, ME US","2021-07-02","0.71","0.0","0.0","80","57",,,,,
"USC00170409","BATH, ME US","2021-07-03","0.07","0.0","0.0","57","55",,,,,
"USC00170409","BATH, ME US","2021-07-04","0.84","0.0","0.0","59","54",,,,,
"USC00170409","BATH, ME US","2021-07-05","0.24","0.0","0.0","60","43","    1",,,,
"USC00170409","BATH, ME US","2021-07-06","0.00","0.0","0.0","70","52","    1",,,,
"USC00170409","BATH, ME US","2021-07-07","0.00","0.0","0.0","81","60","    1",,,,
"USC00170409","BATH, ME US","2021-07-08","0.00","0.0","0.0","82","59",,,,,
"USC00170409","BATH, ME US","2021-07-09","0.06","0.0","0.0","66","57","    1",,,,
"USC00170409","BATH, ME US","2021-07-10","3.32","0.0","0.0","67","58","    1",,,,
"USC00170409","BATH, ME US","2021-07-11","0.00","0.0","0.0","78","50",,,,,
"USC00170409","BATH, ME US","2021-07-12","0.08","0.0","0.0","79","57",,,,,
"USC00170409","BATH, ME US","2021-07-13","0.00","0.0","0.0","78","58",,,,,
"USC00170409","BATH, ME US","2021-07-14","0.03","0.0","0.0","71","60","    1",,,,
"USC00170409","BATH, ME US","2021-07-15","0.02","0.0","0.0","68","61","    1","    1",,,
"USC00170409","BATH, ME US","2021-07-16","0.00","0.0","0.0","79","64","    1",,,,
"USC00170409","BATH, ME US","2021-07-17","0.00","0.0","0.0","86","66",,,,,
"USC00170409","BATH, ME US","2021-07-18","0.72","0.0","0.0","73","61",,,,,
"USC00170409","BATH, ME US","2021-07-19","0.92","0.0","0.0","65","61",,,,,
"USC00170409","BATH, ME US","2021-07-20","0.00","0.0","0.0","71","61",,,,,
"USC00170409","BATH, ME US","2021-07-21","0.15","0.0","0.0","83","63","    1",,,,
"USC00170409","BATH, ME US","2021-07-22","0.01","0.0","0.0","77","58",,"    1",,,
"USC00170409","BATH, ME US","2021-07-23","0.24","0.0","0.0","79","54",,,,,
"USC00170409","BATH, ME US","2021-07-24","0.08","0.0","0.0","78","50","    1","    1",,,
"USC00170409","BATH, ME US","2021-07-25","0.00","0.0","0.0","79","54",,,,,
"USC00170409","BATH, ME US","2021-07-26","0.36","0.0","0.0","67","60","    1",,,,
"USC00170409","BATH, ME US","2021-07-27","0.00","0.0","0.0","81","60",,,,,
"USC00170409","BATH, ME US","2021-07-28","0.24","0.0","0.0","83","58",,,,,
"USC00170409","BATH, ME US","2021-07-29","0.00","0.0","0.0","76","47",,,,,
"USC00170409","BATH, ME US","2021-07-30","1.38","0.0","0.0","75","47",,,,,
"USC00170409","BATH, ME US","2021-07-31","0.00","0.0","0.0","75","51",,,,,
"USC00170409","BATH, ME US","2021-08-01","0.00","0.0","0.0","75","48",,,,,
"USC00170409","BATH, ME US","2021-08-02","0.01","0.0","0.0","74","55",,,,,
"USC00170409","BATH, ME US","2021-08-03","0.00","0.0","0.0","76","50",,,,,
"USC00170409","BATH, ME US","2021-08-04","0.00","0.0","0.0","75","52",,,,,
"USC00170409","BATH, ME US","2021-08-05","0.39","0.0","0.0","79","55",,,,,
"USC00170409","BATH, ME US","2021-08-06","0.20","0.0","0.0","66","60","    1",,,,
"USC00170409","BATH, ME US","2021-08-07","0.00","0.0","0.0","83","58","    1",,,,
"USC00170409","BATH, ME US","2021-08-08","0.00","0.0","0.0","81","61",,,,,
"USC00170409","BATH, ME US","2021-08-09","0.00","0.0","0.0","85","63",,,,,
"USC00170409","BATH, ME US","2021-08-10","0.00","0.0","0.0","74","62","    1",,,,
"USC00170409","BATH, ME US","2021-08-11","0.00","0.0","0.0","74","63","    1",,,,
"USC00170409","BATH, ME US","2021-08-12","0.00","0.0","0.0","83","66","    1",,,,
"USC00170409","BATH, ME US","2021-08-13","0.00","0.0","0.0","89","67","    1",,,,
"USC00170409","BATH, ME US","2021-08-14","0.00","0.0","0.0","91","66",,,,,
"USC00170409","BATH, ME US","2021-08-15","0.00","0.0","0.0","88","56",,,,,
"USC00170409","BATH, ME US","2021-08-16","0.00","0.0","0.0","78","48",,,,,
"USC00170409","BATH, ME US","2021-08-17","0.00","0.0","0.0","80","49",,,,,
"USC00170409","BATH, ME US","2021-08-18","0.00","0.0","0.0","79","55",,,,,
"USC00170409","BATH, ME US","2021-08-19","0.00","0.0","0.0","80","68",,,,,
"USC00170409","BATH, ME US","2021-08-20","0.93","0.0","0.0","82","68","    1",,,,
"USC00170409","BATH, ME US","2021-08-21","0.00","0.0","0.0","88","67",,,,,
"USC00170409","BATH, ME US","2021-08-22","0.01","0.0","0.0","80","66","    1",,,,
"USC00170409","BATH, ME US","2021-08-23","0.41","0.0","0.0","71","65","    1",,,,
"USC00170409","BATH, ME US","2021-08-24","0.04","0.0","0.0","76","67","    1",,,,
"USC00170409","BATH, ME US","2021-08-25","0.00","0.0","0.0","88","64",,,,,
"USC00170409","BATH, ME US","2021-08-26","0.00","0.0","0.0","90","63",,,,,
"USC00170409","BATH, ME US","2021-08-27","0.00","0.0","0.0","89","64",,,,,
"USC00170409","BATH, ME US","2021-08-28","0.00","0.0","0.0","86","54",,,,,
"USC00170409","BATH, ME US","2021-08-29","0.02","0.0","0.0","68","58",,,,,
"USC00170409","BATH, ME US","2021-08-30","0.00","0.0","0.0","67","58",,,,,
"USC00170409","BATH, ME US","2021-08-31","0.00","0.0","0.0","79","59","    1","    1",,,
"USC00170409","BATH, ME US","2021-09-01","0.00","0.0","0.0","81","54","    1",,,,
"USC00170409","BATH, ME US","2021-09-02","1.41","0.0","0.0","76","54",,,,,
"USC00170409","BATH, ME US","2021-09-03","0.04","0.0","0.0","69","50",,,,,
"USC00170409","BATH, ME US","2021-09-04","0.01","0.0","0.0","72","50",,,,,
"USC00170409","BATH, ME US","2021-09-05","0.00","0.0","0.0","72","47",,,,,
"USC00170409","BATH, ME US","2021-09-06","0.02","0.0","0.0","72","50",,,,,
"USC00170409","BATH, ME US","2021-09-07","0.35","0.0","0.0","78","51",,,,,
"USC00170409","BATH, ME US","2021-09-08","0.00","0.0","0.0","78","51",,,,,
"USC00170409","BATH, ME US","2021-09-09","0.01","0.0","0.0","76","53",,,,,
"USC00170409","BATH, ME US","2021-09-10","0.90","0.0","0.0","70","61","    1",,,,
"USC00170409","BATH, ME US","2021-09-11","0.00","0.0","0.0","76","50",,,,,
"USC00170409","BATH, ME US","2021-09-12","0.00","0.0","0.0","73","49",,,,,
"USC00170409","BATH, ME US","2021-09-13","0.00","0.0","0.0","76","60",,,,,
"USC00170409","BATH, ME US","2021-09-14","0.00","0.0","0.0","76","48",,,,,
"USC00170409","BATH, ME US","2021-09-15","0.03","0.0","0.0","72","48",,,,,
"USC00170409","BATH, ME US","2021-09-16","0.22","0.0","0.0","74","62",,"    1",,,
"USC00170409","BATH, ME US","2021-09-17","0.00","0.0","0.0","74","49",,,,,
"USC00170409","BATH, ME US","2021-09-18","0.00","0.0","0.0","73","50","    1",,,,
"USC00170409","BATH, ME US","2021-09-19","0.07","0.0","0.0","77","55","    1",,,,
"USC00170409","BATH, ME US","2021-09-20","0.00","0.0","0.0","71","44","    1",,,,
"USC00170409","BATH, ME US","2021-09-21","0.00","0.0","0.0","70","45","    1",,,,
"USC00170409","BATH, ME US","2021-09-22","0.00","0.0","0.0","70","46",,,,,
"USC00170409","BATH, ME US","2021-09-23","0.00","0.0","0.0","74","63",,,,,
"USC00170409","BATH, ME US","2021-09-24","0.02","0.0","0.0","78","66",,,,,
"USC00170409","BATH, ME US","2021-09-25","0.04","0.0","0.0","75","61",,,,,
"USC00170409","BATH, ME US","2021-09-26","5.07","0.0","0.0","74","61",,,,,
"USC00170409","BATH, ME US","2021-09-27","0.47","0.0","0.0","70","45",,,,,
"USC00170409","BATH, ME US","2021-09-28","0.01","0.0","0.0","68","44",,,,,
"USC00170409","BATH, ME US","2021-09-29","0.00","0.0","0.0","64","50",,,,,
"USC00170409","BATH, ME US","2021-09-30","0.00","0.0","0.0","64","49",,,,,
"USC00170409","BATH, ME US","2021-10-01","0.12","0.0","0.0","58","40",,,,,
"USC00170409","BATH, ME US","2021-10-02","0.00","0.0","0.0","61","40",,,,,
"USC00170409","BATH, ME US","2021-10-03","0.01","0.0","0.0","57","48",,,,,
"USC00170409","BATH, ME US","2021-10-04","0.18","0.0","0.0","55","49",,,,,
"USC00170409","BATH, ME US","2021-10-05","0.00","0.0","0.0","62","49",,,,,
"USC00170409","BATH, ME US","2021-10-06","0.00","0.0","0.0","66","44","    1",,,,
"USC00170409","BATH, ME US","2021-10-07","0.00","0.0","0.0","71","44","    1",,,,
"USC00170409","BATH, ME US","2021-10-08","0.00","0.0","0.0","72","43","    1",,,,
"USC00170409","BATH, ME US","2021-10-09","0.00","0.0","0.0","70","43","    1",,,,
"USC00170409","BATH, ME US","2021-10-10","0.00","0.0","0.0","60","41","    1",,,,
"USC00170409","BATH, ME US","2021-10-11","0.00","0.0","0.0","61","43",,,,,
"USC00170409","BATH, ME US","2021-10-12","0.00","0.0","0.0","68","46","    1",,,,
"USC00170409","BATH, ME US","2021-10-13","0.00","0.0","0.0","75","46","    1",,,,
"USC00170409","BATH, ME US","2021-10-14","0.00","0.0","0.0","74","49","    1",,,,
"USC00170409","BATH, ME US","2021-10-15","0.00","0.0","0.0","74","54",,,,,
"USC00170409","BATH, ME US","2021-10-16","0.89","0.0","0.0","64","58",,,,,
"USC00170409","BATH, ME US","2021-10-17","0.43","0.0","0.0","69","58",,,,,
"USC00170409","BATH, ME US","2021-10-18","0.03","0.0","0.0","62","39",,,,,
"USC00170409","BATH, ME US","2021-10-19","0.00","0.0","0.0","57","40",,,,,
"USC00170409","BATH, ME US","2021-10-20","0.00","0.0","0.0","52","38",,,,,
"USC00170409","BATH, ME US","2021-10-21","0.00","0.0","0.0","61","43",,,,,
"USC00170409","BATH, ME US","2021-10-22","0.03","0.0","0.0","62","47","    1",,,,
"USC00170409","BATH, ME US","2021-10-23","0.00","0.0","0.0","69","45",,,,,
"USC00170409","BATH, ME US","2021-10-24","0.00","0.0","0.0","51","31",,,,,
"USC00170409","BATH, ME US","2021-10-25","0.00","0.0","0.0","54","30",,,,,
"USC00170409","BATH, ME US","2021-10-26","0.31","0.0","0.0","44","41","    1",,,,
"USC00170409","BATH, ME US","2021-10-27","0.42","0.0","0.0","50","44",,,,,
"USC00170409","BATH, ME US","2021-10-28","0.09","0.0","0.0","51","43",,,,,
"USC00170409","BATH, ME US","2021-10-29","0.00","0.0","0.0","52","34",,,,,
"USC00170409","BATH, ME US","2021-10-30","0.01","0.0","0.0","54","34","    1",,,,
"USC00170409","BATH, ME US","2021-10-31","3.43","0.0","0.0","59","44","    1",,,,
"USC00170409","BATH, ME US","2021-11-01","0.44","0.0","0.0","61","42",,,,,
"USC00170409","BATH, ME US","2021-11-02","0.00","0.0","0.0","61","37",,,,,
"USC00170409","BATH, ME US","2021-11-03","0.00","0.0","0.0","55","29",,,,,
"USC00170409","BATH, ME US","2021-11-04","0.00","0.0","0.0","50","23",,,,,
"USC00170409","BATH, ME US","2021-11-05","0.00","0.0","0.0","46","23",,,,,
"USC00170409","BATH, ME US","2021-11-06","0.00","0.0","0.0","46","23",,,,,
"USC00170409","BATH, ME US","2021-11-07","0.00","0.0","0.0","51","23","    1",,,,
"USC00170409","BATH, ME US","2021-11-08","0.00","0.0","0.0","54","24",,,,,
"USC00170409","BATH, ME US","2021-11-09","0.00","0.0","0.0","59","27",,,,,
"USC00170409","BATH, ME US","2021-11-10","0.08","0.0","0.0","64","30",,,,,
"USC00170409","BATH, ME US","2021-11-11","0.18","0.0","0.0","54","28",,,,,
"USC00170409","BATH, ME US","2021-11-12","0.00","0.0","0.0","51","29",,,,,
"USC00170409","BATH, ME US","2021-11-13","1.05","0.0","0.0","57","32",,,,,
"USC00170409","BATH, ME US","2021-11-14","0.25","0.0","0.0","56","33",,,,,
"USC00170409","BATH, ME US","2021-11-15","0.29","0.0","0.0","51","35",,,,,
"USC00170409","BATH, ME US","2021-11-16","0.01","0.0","0.0","44","30",,,,,
"USC00170409","BATH, ME US","2021-11-17","0.00","0.0","0.0","44","27",,,,,
"USC00170409","BATH, ME US","2021-11-18","0.09","0.0","0.0","49","29",,,,,
"USC00170409","BATH, ME US","2021-11-19","0.32","0.0","0.0","58","37",,,,,
"USC00170409","BATH, ME US","2021-11-20","0.00","0.0","0.0","45","24",,,,,
"USC00170409","BATH, ME US","2021-11-21","0.00","0.0","0.0","43","27",,,,,
"USC00170409","BATH, ME US","2021-11-22","0.66","0.0","0.0","54","42",,,,,
"USC00170409","BATH, ME US","2021-11-23","0.22","0.0","0.0","53","30",,,,,
"USC00170409","BATH, ME US","2021-11-24","0.00","0.0","0.0","38","25",,,,,
"USC00170409","BATH, ME US","2021-11-25","0.00","0.0","0.0","40","22",,,,,
"USC00170409","BATH, ME US","2021-11-26","0.00","0.0","0.0","53","23",,,,,
"USC00170409","BATH, ME US","2021-11-27","0.52","1.0","1.0","40","31",,,,,
"USC00170409","BATH, ME US","2021-11-28","0.00","0.0","1.0","34","17",,,,,
"USC00170409","BATH, ME US","2021-11-29","0.00","0.0","0.0","35","17",,,,,
"USC00170409","BATH, ME US","2021-11-30","0.00","0.0","0.0","35","18",,,,,