"STATION","NAME","LATITUDE","LONGITUDE","ELEVATION","DATE","PRCP","SNOW","SNWD","TMAX","TMIN","WT01","WT03","WT04","WT05","WT11"
"USC00449151","WILLIAMSBURG 2 N, VA US","37.3017","-76.7039","21.3","2020-01-01","0.00","0.0","0.0","55","33",,,,,
"USC00449151","WILLIAMSBURG 2 N, VA US","37.3017","-76.7039","21.3","2020-01-02","0.00","0.0","0.0","60","31",,,,,
"USC00449151","WILLIAMSBURG 2 N, VA US","37.3017","-76.7039","21.3","2020-01-03","0.50","0.0","0.0","58","45",,,,,
"USC00449151","WILLIAMSBURG 2 N, VA US","37.3017","-76.7039","21.3","2020-01-04","0.55","0.0","0.0","62","45",,,,,
"USC00449151","WILLIAMSBURG 2 N, VA US","37.3017","-76.7039","21.3","2020-01-05","0.15","0.0","0.0","49","33",,,,,
"USC00449151","WILLIAMSBURG 2 N, VA US","37.3017","-76.7039","21.3","2020-01-06","0.00","0.0","0.0","57","33",,,,,
"USC00449151","WILLIAMSBURG 2 N, VA US","37.3017","-76.7039","21.3","2020-01-07","0.33","0.0","0.0","49","30",,,,,
"USC00449151","WILLIAMSBURG 2 N, VA US","37.3017","-76.7039","21.3","2020-01-08","0.00","0.0","0.0","54","30",,,,,
"USC00449151","WILLIAMSBURG 2 N, VA US","37.3017","-76.7039","21.3","2020-01-09","0.00","0.0","0.0","44","27",,,,,
"USC00449151","WILLIAMSBURG 2 N, VA US","37.3017","-76.7039","21.3","2020-01-10","0.00","0.0","0.0","67","33",,,,,
"USC00449151","WILLIAMSBURG 2 N, VA US","37.3017","-76.7039","21.3","2020-01-11","0.01","0.0","0.0","73","52",,,,,
"USC00449151","WILLIAMSBURG 2 N, VA US","37.3017","-76.7039","21.3","2020-01-12","0.04","0.0","0.0","71","50",,,,,
"USC00449151","WILLIAMSBURG 2 N, VA US","37.3017","-76.7039","21.3","2020-01-13","0.11","0.0","0.0","61","52",,,,,
"USC00449151","WILLIAMSBURG 2 N, VA US","37.3017","-76.7039","21.3","2020-01-14","1.14","0.0","0.0","56","51",,,,,
"USC00449151","WILLIAMSBURG 2 N, VA US","37.3017","-76.7039","21.3","2020-01-15","0.00","0.0","0.0","58","45",,,,,
"USC00449151","WILLIAMSBURG 2 N, VA US","37.3017","-76.7039","21.3","2020-01-16","0.00","0.0","0.0","62","39",,,,,
"USC00449151","WILLIAMSBURG 2 N, VA US","37.3017","-76.7039","21.3","2020-01-17","0.00","0.0","0.0","40","28",,,,,
"USC00449151","WILLIAMSBURG 2 N, VA US","37.3017","-76.7039","21.3","2020-01-18","0.14","0.0","0.0","44","28",,,"    1",,
"USC00449151","WILLIAMSBURG 2 N, VA US","37.3017","-76.7039","21.3","2020-01-19","0.00","0.0","0.0","54","32",,,,,
"USC00449151","WILLIAMSBURG 2 N, VA US","37.3017","-76.7039","21.3","2020-01-20","0.00","0.0","0.0","35","25",,,,,
"USC00449151","WILLIAMSBURG 2 N, VA US","37.3017","-76.7039","21.3","2020-01-21","0.00","0.0","0.0","37","24",,,,,
"USC00449151","WILLIAMSBURG 2 N, VA US","37.3017","-76.7039","21.3","2020-01-22","0.00","0.0","0.0","43","24",,,,,
"USC00449151","WILLIAMSBURG 2 N, VA US","37.3017","-76.7039","21.3","2020-01-23","0.00","0.0","0.0","46","26",,,,,
"USC00449151","WILLIAMSBURG 2 N, VA US","37.3017","-76.7039","21.3","2020-01-24","0.00","0.0","0.0","56","35",,,,,
"USC00449151","WILLIAMSBURG 2 N, VA US","37.3017","-76.7039","21.3","2020-01-25","0.21","0.0","0.0","62","41",,,,,
"USC00449151","WILLIAMSBURG 2 N, VA US","37.3017","-76.7039","21.3","2020-01-26","0.00","0.0","0.0","52","35",,,,,
"USC00449151","WILLIAMSBURG 2 N, VA US","37.3017","-76.7039","21.3","2020-01-27","0.00","0.0","0.0","54","29",,,,,
"USC00449151","WILLIAMSBURG 2 N, VA US","37.3017","-76.7039","21.3","2020-01-28","0.00","0.0","0.0","48","34",,,,,
"USC00449151","WILLIAMSBURG 2 N, VA US","37.3017","-76.7039","21.3","2020-01-29","0.00","0.0","0.0","47","30",,,,,
"USC00449151","WILLIAMSBURG 2 N, VA US","37.3017","-76.7039","21.3","2020-01-30","0.00","0.0","0.0","47","28",,,,,
"USC00449151","WILLIAMSBURG 2 N, VA US","37.3017","-76.7039","21.3","2020-01-31","0.19","0.0","0.0","50","29",,,,,
"USC00449151","WILLIAMSBURG 2 N, VA US","37.3017","-76.7039","21.3","2020-02-01","0.10","0.0","0.0","49","39",,,,,
"USC00449151","WILLIAMSBURG 2 N, VA US","37.3017","-76.7039","21.3","2020-02-02","0.00","0.0","0.0","57","33",,,,,
"USC00449151","WILLIAMSBURG 2 N, VA US","37.3017","-76.7039","21.3","2020-02-03","0.00","0.0","0.0","73","45",,,,,
"USC00449151","WILLIAMSBURG 2 N, VA US","37.3017","-76.7039","21.3","2020-02-04","0.00","0.0","0.0","67","58",,,,,
"USC00449151","WILLIAMSBURG 2 N, VA US","37.3017","-76.7039","21.3","2020-02-05","0.12","0.0","0.0","64","42",,,,,
"USC00449151","WILLIAMSBURG 2 N, VA US","37.3017","-76.7039","21.3","2020-02-06","1.82","0.0","0.0","57","43",,,,,
"USC00449151","WILLIAMSBURG 2 N, VA US","37.3017","-76.7039","21.3","2020-02-07","0.43","0.0","0.0","62","38",,,,,
"USC00449151","WILLIAMSBURG 2 N, VA US","37.3017","-76.7039","21.3","2020-02-08","0.00","0.0","0.0","46","28",,,,,
"USC00449151","WILLIAMSBURG 2 N, VA US","37.3017","-76.7039","21.3","2020-02-09","0.00","0.0","0.0","51","30",,,,,
"USC00449151","WILLIAMSBURG 2 N, VA US","37.3017","-76.7039","21.3","2020-02-10","0.12","0.0","0.0","61","39",,,,,
"USC00449151","WILLIAMSBURG 2 N, VA US","37.3017","-76.7039","21.3","2020-02-11","1.19","0.0","0.0","62","54",,,,,
"USC00449151","WILLIAMSBURG 2 N, VA US","37.3017","-76.7039","21.3","2020-02-12","0.00","0.0","0.0","54","45",,,,,
"USC00449151","WILLIAMSBURG 2 N, VA US","37.3017","-76.7039","21.3","2020-02-13","0.34","0.0","0.0","61","45",,,,,
"USC00449151","WILLIAMSBURG 2 N, VA US","37.3017","-76.7039","21.3","2020-02-14","0.00","0.0","0.0","48","31",,,,,
"USC00449151","WILLIAMSBURG 2 N, VA US","37.3017","-76.7039","21.3","2020-02-15","0.00","0.0","0.0","39","25",,,,,
"USC00449151","WILLIAMSBURG 2 N, VA US","37.3017","-76.7039","21.3","2020-02-16","0.00","0.0","0.0","52","29",,,,,
"USC00449151","WILLIAMSBURG 2 N, VA US","37.3017","-76.7039","21.3","2020-02-17","0.00","0.0","0.0","55","38",,,,,
"USC00449151","WILLIAMSBURG 2 N, VA US","37.3017","-76.7039","21.3","2020-02-18","0.00","0.0","0.0","64","35",,,,,
"USC00449151","WILLIAMSBURG 2 N, VA US","37.3017","-76.7039","21.3","2020-02-19","0.16","0.0","0.0","56","32",,,,,
"USC00449151","WILLIAMSBURG 2 N, VA US","37.3017","-76.7039","21.3","2020-02-20","0.29","2.5","3.0","41","32",,,,,
"USC00449151","WILLIAMSBURG 2 N, VA US","37.3017","-76.7039","21.3","2020-02-21","0.00","0.0","0.0","37","24",,,,,
"USC00449151","WILLIAMSBURG 2 N, VA US","37.3017","-76.7039","21.3","2020-02-22","0.00","0.0","0.0","52","21",,,,,
"USC00449151","WILLIAMSBURG 2 N, VA US","37.3017","-76.7039","21.3","2020-02-23","0.00","0.0","0.0","62","28",,,,,
"USC00449151","WILLIAMSBURG 2 N, VA US","37.3017","-76.7039","21.3","2020-02-24","0.10","0.0","0.0","55","35",,,,,
"USC00449151","WILLIAMSBURG 2 N, VA US","37.3017","-76.7039","21.3","2020-02-25","0.39","0.0","0.0","62","47",,,,,
"USC00449151","WILLIAMSBURG 2 N, VA US","37.3017","-76.7039","21.3","2020-02-26","0.04","0.0","0.0","56","49",,,,,
"USC00449151","WILLIAMSBURG 2 N, VA US","37.3017","-76.7039","21.3","2020-02-27","0.02","0.0","0.0","57","36",,,,,
"USC00449151","WILLIAMSBURG 2 N, VA US","37.3017","-76.7039","21.3","2020-02-28","0.00","0.0","0.0","51","28",,,,,
"USC00449151","WILLIAMSBURG 2 N, VA US","37.3017","-76.7039","21.3","2020-02-29","0.00","0.0","0.0","44","29",,,,,
"USC00449151","WILLIAMSBURG 2 N, VA US","37.3017","-76.7039","21.3","2020-03-01","0.00","0.0","0.0","53","23",,,,,
"USC00449151","WILLIAMSBURG 2 N, VA US","37.3017","-76.7039","21.3","2020-03-02","0.00","0.0","0.0","68","36",,,,,
"USC00449151","WILLIAMSBURG 2 N, VA US","37.3017","-76.7039","21.3","2020-03-03","0.00","0.0","0.0","67","49",,,,,
"USC00449151","WILLIAMSBURG 2 N, VA US","37.3017","-76.7039","21.3","2020-03-04","0.00","0.0","0.0","64","42",,,,,
"USC00449151","WILLIAMSBURG 2 N, VA US","37.3017","-76.7039","21.3","2020-03-05","0.00","0.0","0.0","53","43",,,,,
"USC00449151","WILLIAMSBURG 2 N, VA US","37.3017","-76.7039","21.3","2020-03-06","0.37","0.0","0.0","52","43",,,,,
"USC00449151","WILLIAMSBURG 2 N, VA US","37.3017","-76.7039","21.3","2020-03-07","0.00","0.0","0.0","52","32",,,,,
"USC00449151","WILLIAMSBURG 2 N, VA US","37.3017","-76.7039","21.3","2020-03-08","0.00","0.0","0.0","61","29",,,,,
"USC00449151","WILLIAMSBURG 2 N, VA US","37.3017","-76.7039","21.3","2020-03-09","0.00","0.0","0.0","73","43",,,,,
"USC00449151","WILLIAMSBURG 2 N, VA US","37.3017","-76.7039","21.3","2020-03-10","0.00","0.0","0.0","71","58",,,,,
"USC00449151","WILLIAMSBURG 2 N, VA US","37.3017","-76.7039","21.3","2020-03-11","0.00","0.0","0.0","64","50",,,,,
"USC00449151","WILLIAMSBURG 2 N, VA US","37.3017","-76.7039","21.3","2020-03-12","0.00","0.0","0.0","64","46",,,,,
"USC00449151","WILLIAMSBURG 2 N, VA US","37.3017","-76.7039","21.3","2020-03-13","0.25","0.0","0.0","79","51",,,,,
"USC00449151","WILLIAMSBURG 2 N, VA US","37.3017","-76.7039","21.3","2020-03-14","0.00","0.0","0.0","64","46",,,,,
"USC00449151","WILLIAMSBURG 2 N, VA US","37.3017","-76.7039","21.3","2020-03-15","0.00","0.0","0.0","52","43",,,,,
"USC00449151","WILLIAMSBURG 2 N, VA US","37.3017","-76.7039","21.3","2020-03-16","0.00","0.0","0.0","55","42",,,,,
"USC00449151","WILLIAMSBURG 2 N, VA US","37.3017","-76.7039","21.3","2020-03-17","0.00","0.0","0.0","68","44",,,,,
"USC00449151","WILLIAMSBURG 2 N, VA US","37.3017","-76.7039","21.3","2020-03-18","0.00","0.0","0.0","58","50",,,,,
"USC00449151","WILLIAMSBURG 2 N, VA US","37.3017","-76.7039","21.3","2020-03-19","0.42","0.0","0.0","81","50",,,,,
"USC00449151","WILLIAMSBURG 2 N, VA US","37.3017","-76.7039","21.3","2020-03-20","0.03","0.0","0.0","87","68",,,,,
"USC00449151","WILLIAMSBURG 2 N, VA US","37.3017","-76.7039","21.3","2020-03-21","0.13","0.0","0.0","70","47",,,,,
"USC00449151","WILLIAMSBURG 2 N, VA US","37.3017","-76.7039","21.3","2020-03-22","0.00","0.0","0.0","54","45",,,,,
"USC00449151","WILLIAMSBURG 2 N, VA US","37.3017","-76.7039","21.3","2020-03-23","0.82","0.0","0.0","48","45",,,,,
"USC00449151","WILLIAMSBURG 2 N, VA US","37.3017","-76.7039","21.3","2020-03-24","0.01","0.0","0.0","56","42",,,,,
"USC00449151","WILLIAMSBURG 2 N, VA US","37.3017","-76.7039","21.3","2020-03-25","1.07","0.0","0.0","51","45",,,,,
"USC00449151","WILLIAMSBURG 2 N, VA US","37.3017","-76.7039","21.3","2020-03-26","0.02","0.0","0.0","58","38",,,,,
"USC00449151","WILLIAMSBURG 2 N, VA US","37.3017","-76.7039","21.3","2020-03-27","0.00","0.0","0.0","72","53",,,,,
"USC00449151","WILLIAMSBURG 2 N, VA US","37.3017","-76.7039","21.3","2020-03-28","0.04","0.0","0.0","78","54",,,,,
"USC00449151","WILLIAMSBURG 2 N, VA US","37.3017","-76.7039","21.3","2020-03-29","0.00","0.0","0.0","87","54",,,,,
"USC00449151","WILLIAMSBURG 2 N, VA US","37.3017","-76.7039","21.3","2020-03-30","0.00","0.0","0.0","75","55",,,,,
"USC00449151","WILLIAMSBURG 2 N, VA US","37.3017","-76.7039","21.3","2020-03-31","0.55","0.0","0.0","59","45",,,,,
"USC00449151","WILLIAMSBURG 2 N, VA US","37.3017","-76.7039","21.3","2020-04-01","0.22","0.0","0.0","54","41",,,,,
"USC00449151","WILLIAMSBURG 2 N, VA US","37.3017","-76.7039","21.3","2020-04-02","0.00","0.0","0.0","63","42",,,,,
"USC00449151","WILLIAMSBURG 2 N, VA US","37.3017","-76.7039","21.3","2020-04-03","0.00","0.0","0.0","69","45",,,,,
"USC00449151","WILLIAMSBURG 2 N, VA US","37.3017","-76.7039","21.3","2020-04-04","0.00","0.0","0.0","59","43",,,,,
"USC00449151","WILLIAMSBURG 2 N, VA US","37.3017","-76.7039","21.3","2020-04-05","0.00","0.0","0.0","70","41",,,,,
"USC00449151","WILLIAMSBURG 2 N, VA US","37.3017","-76.7039","21.3","2020-04-06","0.08","0.0","0.0","71","52",,,,,
"USC00449151","WILLIAMSBURG 2 N, VA US","37.3017","-76.7039","21.3","2020-04-07","0.07","0.0","0.0","80","48",,,,,
"USC00449151","WILLIAMSBURG 2 N, VA US","37.3017","-76.7039","21.3","2020-04-08","0.00","0.0","0.0","81","57",,,,,
"USC00449151","WILLIAMSBURG 2 N, VA US","37.3017","-76.7039","21.3","2020-04-09","0.05","0.0","0.0","78","53",,,,,
"USC00449151","WILLIAMSBURG 2 N, VA US","37.3017","-76.7039","21.3","2020-04-10","0.00","0.0","0.0","56","41",,,,,
"USC00449151","WILLIAMSBURG 2 N, VA US","37.3017","-76.7039","21.3","2020-04-11","0.00","0.0","0.0","63","35",,,,,
"USC00449151","WILLIAMSBURG 2 N, VA US","37.3017","-76.7039","21.3","2020-04-12","0.02","0.0","0.0","76","48",,,,,
"USC00449151","WILLIAMSBURG 2 N, VA US","37.3017","-76.7039","21.3","2020-04-13","0.56","0.0","0.0","82","61",,,,,
"USC00449151","WILLIAMSBURG 2 N, VA US","37.3017","-76.7039","21.3","2020-04-14","0.00","0.0","0.0","64","49",,,,,
"USC00449151","WILLIAMSBURG 2 N, VA US","37.3017","-76.7039","21.3","2020-04-15","0.16","0.0","0.0","55","38",,,,,
"USC00449151","WILLIAMSBURG 2 N, VA US","37.3017","-76.7039","21.3","2020-04-16","0.00","0.0","0.0","62","38",,,,,
"USC00449151","WILLIAMSBURG 2 N, VA US","37.3017","-76.7039","21.3","2020-04-17","0.00","0.0","0.0","67","37",,,,,
"USC00449151","WILLIAMSBURG 2 N, VA US","37.3017","-76.7039","21.3","2020-04-18","0.44","0.0","0.0","63","41",,,,,
"USC00449151","WILLIAMSBURG 2 N, VA US","37.3017","-76.7039","21.3","2020-04-19","0.00","0.0","0.0","68","35",,,,,
"USC00449151","WILLIAMSBURG 2 N, VA US","37.3017","-76.7039","21.3","2020-04-20","0.58","0.0","0.0","57","47",,,,,
"USC00449151","WILLIAMSBURG 2 N, VA US","37.3017","-76.7039","21.3","2020-04-21","0.01","0.0","0.0","73","46",,,,,
"USC00449151","WILLIAMSBURG 2 N, VA US","37.3017","-76.7039","21.3","2020-04-22","0.00","0.0","0.0","66","37",,,,,
"USC00449151","WILLIAMSBURG 2 N, VA US","37.3017","-76.7039","21.3","2020-04-23","0.06","0.0","0.0","64","45",,,,,
"USC00449151","WILLIAMSBURG 2 N, VA US","37.3017","-76.7039","21.3","2020-04-24","0.11","0.0","0.0","73","54",,,,,
"USC00449151","WILLIAMSBURG 2 N, VA US","37.3017","-76.7039","21.3","2020-04-25","0.19","0.0","0.0","62","51",,,,,
"USC00449151","WILLIAMSBURG 2 N, VA US","37.3017","-76.7039","21.3","2020-04-26","0.65","0.0","0.0","69","52",,,,,
"USC00449151","WILLIAMSBURG 2 N, VA US","37.3017","-76.7039","21.3","2020-04-27","0.07","0.0","0.0","58","43",,,,,
"USC00449151","WILLIAMSBURG 2 N, VA US","37.3017","-76.7039","21.3","2020-04-28","0.00","0.0","0.0","65","40",,,,,
"USC00449151","WILLIAMSBURG 2 N, VA US","37.3017","-76.7039","21.3","2020-04-29","0.00","0.0","0.0","80","52",,,,,
"USC00449151","WILLIAMSBURG 2 N, VA US","37.3017","-76.7039","21.3","2020-04-30","1.76","0.0","0.0","70","58",,,,,
"USC00449151","WILLIAMSBURG 2 N, VA US","37.3017","-76.7039","21.3","2020-05-01","0.11","0.0","0.0","67","53",,,,,
"USC00449151","WILLIAMSBURG 2 N, VA US","37.3017","-76.7039","21.3","2020-05-02","0.00","0.0","0.0","72","49",,,,,
"USC00449151","WILLIAMSBURG 2 N, VA US","37.3017","-76.7039","21.3","2020-05-03","0.00","0.0","0.0","87","57",,,,,
"USC00449151","WILLIAMSBURG 2 N, VA US","37.3017","-76.7039","21.3","2020-05-04","0.00","0.0","0.0","79","57",,,,,
"USC00449151","WILLIAMSBURG 2 N, VA US","37.3017","-76.7039","21.3","2020-05-05","0.04","0.0","0.0","61","52",,,,,
"USC00449151","WILLIAMSBURG 2 N, VA US","37.3017","-76.7039","21.3","2020-05-06","0.28","0.0","0.0","65","50",,,,,
"USC00449151","WILLIAMSBURG 2 N, VA US","37.3017","-76.7039","21.3","2020-05-07","0.01","0.0","0.0","66","45",,,,,
"USC00449151","WILLIAMSBURG 2 N, VA US","37.3017","-76.7039","21.3","2020-05-08","0.07","0.0","0.0","71","46",,,,,
"USC00449151","WILLIAMSBURG 2 N, VA US","37.3017","-76.7039","21.3","2020-05-09","0.05","0.0","0.0","58","38",,,,,
"USC00449151","WILLIAMSBURG 2 N, VA US","37.3017","-76.7039","21.3","2020-05-10","0.00","0.0","0.0","68","33",,,,,
"USC00449151","WILLIAMSBURG 2 N, VA US","37.3017","-76.7039","21.3","2020-05-11","0.00","0.0","0.0","66","50",,,,,
"USC00449151","WILLIAMSBURG 2 N, VA US","37.3017","-76.7039","21.3","2020-05-12","0.00","0.0","0.0","62","39",,,,,
"USC00449151","WILLIAMSBURG 2 N, VA US","37.3017","-76.7039","21.3","2020-05-13","0.00","0.0","0.0","70","43",,,,,
"USC00449151","WILLIAMSBURG 2 N, VA US","37.3017","-76.7039","21.3","2020-05-14","0.00","0.0","0.0","78","49",,,,,
"USC00449151","WILLIAMSBURG 2 N, VA US","37.3017","-76.7039","21.3","2020-05-15","0.00","0.0","0.0","84","62",,,,,
"USC00449151","WILLIAMSBURG 2 N, VA US","37.3017","-76.7039","21.3","2020-05-16","0.00","0.0","0.0","85","64",,,,,
"USC00449151","WILLIAMSBURG 2 N, VA US","37.3017","-76.7039","21.3","2020-05-17","0.00","0.0","0.0","77","62",,,,,
"USC00449151","WILLIAMSBURG 2 N, VA US","37.3017","-76.7039","21.3","2020-05-18","0.33","0.0","0.0","63","60",,,,,
"USC00449151","WILLIAMSBURG 2 N, VA US","37.3017","-76.7039","21.3","2020-05-19","0.03","0.0","0.0","63","54",,,,,
"USC00449151","WILLIAMSBURG 2 N, VA US","37.3017","-76.7039","21.3","2020-05-20","0.16","0.0","0.0","59","53",,,,,
"USC00449151","WILLIAMSBURG 2 N, VA US","37.3017","-76.7039","21.3","2020-05-21","0.07","0.0","0.0","70","54",,,,,
"USC00449151","WILLIAMSBURG 2 N, VA US","37.3017","-76.7039","21.3","2020-05-22","0.25","0.0","0.0","82","63",,,,,
"USC00449151","WILLIAMSBURG 2 N, VA US","37.3017","-76.7039","21.3","2020-05-23","0.00","0.0","0.0","83","65",,,,,
"USC00449151","WILLIAMSBURG 2 N, VA US","37.3017","-76.7039","21.3","2020-05-24","0.00","0.0","0.0","67","60",,,,,
"USC00449151","WILLIAMSBURG 2 N, VA US","37.3017","-76.7039","21.3","2020-05-25","0.00","0.0","0.0","76","59",,,,,
"USC00449151","WILLIAMSBURG 2 N, VA US","37.3017","-76.7039","21.3","2020-05-26","0.00","0.0","0.0","74","58",,,,,
"USC00449151","WILLIAMSBURG 2 N, VA US","37.3017","-76.7039","21.3","2020-05-27","0.00","0.0","0.0","79","63",,,,,
"USC00449151","WILLIAMSBURG 2 N, VA US","37.3017","-76.7039","21.3","2020-05-28","0.55","0.0","0.0","83","70",,,,,
"USC00449151","WILLIAMSBURG 2 N, VA US","37.3017","-76.7039","21.3","2020-05-29","1.65","0.0","0.0","84","70",,,,,
"USC00449151","WILLIAMSBURG 2 N, VA US","37.3017","-76.7039","21.3","2020-05-30","0.02","0.0","0.0","81","65",,,,,
"USC00449151","WILLIAMSBURG 2 N, VA US","37.3017","-76.7039","21.3","2020-05-31","0.00","0.0","0.0","75","57",,,,,
"USC00449151","WILLIAMSBURG 2 N, VA US","37.3017","-76.7039","21.3","2020-06-01","0.00","0.0","0.0","73","56",,,,,
"USC00449151","WILLIAMSBURG 2 N, VA US","37.3017","-76.7039","21.3","2020-06-02","0.00","0.0","0.0","81","58",,,,,
"USC00449151","WILLIAMSBURG 2 N, VA US","37.3017","-76.7039","21.3","2020-06-03","0.00","0.0","0.0","90","69",,,,,
"USC00449151","WILLIAMSBURG 2 N, VA US","37.3017","-76.7039","21.3","2020-06-04","0.00","0.0","0.0","92","72",,,,,
"USC00449151","WILLIAMSBURG 2 N, VA US","37.3017","-76.7039","21.3","2020-06-05","0.08","0.0","0.0","84","72",,,,,
"USC00449151","WILLIAMSBURG 2 N, VA US","37.3017","-76.7039","21.3","2020-06-06","1.30","0.0","0.0","89","68",,,,,
"USC00449151","WILLIAMSBURG 2 N, VA US","37.3017","-76.7039","21.3","2020-06-07","0.02","0.0","0.0","84","64",,,,,
"USC00449151","WILLIAMSBURG 2 N, VA US","37.3017","-76.7039","21.3","2020-06-08","0.00","0.0","0.0","84","60",,,,,
"USC00449151","WILLIAMSBURG 2 N, VA US","37.3017","-76.7039","21.3","2020-06-09","0.00","0.0","0.0","89","64",,,,,
"USC00449151","WILLIAMSBURG 2 N, VA US","37.3017","-76.7039","21.3","2020-06-10","0.00","0.0","0.0","89","72",,,,,
"USC00449151","WILLIAMSBURG 2 N, VA US","37.3017","-76.7039","21.3","2020-06-11","0.14","0.0","0.0","84","72",,,,,
"USC00449151","WILLIAMSBURG 2 N, VA US","37.3017","-76.7039","21.3","2020-06-12","0.00","0.0","0.0","84","66",,,,,
"USC00449151","WILLIAMSBURG 2 N, VA US","37.3017","-76.7039","21.3","2020-06-13","0.00","0.0","0.0","81","61",,,,,
"USC00449151","WILLIAMSBURG 2 N, VA US","37.3017","-76.7039","21.3","2020-06-14","0.00","0.0","0.0","76","58",,,,,
"USC00449151","WILLIAMSBURG 2 N, VA US","37.3017","-76.7039","21.3","2020-06-15","0.57","0.0","0.0","66","60",,,,,
"USC00449151","WILLIAMSBURG 2 N, VA US","37.3017","-76.7039","21.3","2020-06-16","1.26","0.0","0.0","64","58",,,,,
"USC00449151","WILLIAMSBURG 2 N, VA US","37.3017","-76.7039","21.3","2020-06-17","0.58","0.0","0.0","71","63",,,,,
"USC00449151","WILLIAMSBURG 2 N, VA US","37.3017","-76.7039","21.3","2020-06-18","0.00","0.0","0.0","78","65",,,,,
"USC00449151","WILLIAMSBURG 2 N, VA US","37.3017","-76.7039","21.3","2020-06-19","0.13","0.0","0.0","84","65",,"    1",,,
"USC00449151","WILLIAMSBURG 2 N, VA US","37.3017","-76.7039","21.3","2020-06-20","1.19","0.0","0.0","76","67",,"    1",,,
"USC00449151","WILLIAMSBURG 2 N, VA US","37.3017","-76.7039","21.3","2020-06-21","0.01","0.0","0.0","85","67",,,,,
"USC00449151","WILLIAMSBURG 2 N, VA US","37.3017","-76.7039","21.3","2020-06-22","0.33","0.0","0.0","90","67",,,,,
"USC00449151","WILLIAMSBURG 2 N, VA US","37.3017","-76.7039","21.3","2020-06-23","0.00","0.0","0.0","90","68",,,,,
"USC00449151","WILLIAMSBURG 2 N, VA US","37.3017","-76.7039","21.3","2020-06-24","0.00","0.0","0.0","87","68",,,,,
"USC00449151","WILLIAMSBURG 2 N, VA US","37.3017","-76.7039","21.3","2020-06-25","0.14","0.0","0.0","80","68",,"    1",,,
"USC00449151","WILLIAMSBURG 2 N, VA US","37.3017","-76.7039","21.3","2020-06-26","0.02","0.0","0.0","87","64",,,,,
"USC00449151","WILLIAMSBURG 2 N, VA US","37.3017","-76.7039","21.3","2020-06-27","0.00","0.0","0.0","91","70",,,,,
"USC00449151","WILLIAMSBURG 2 N, VA US","37.3017","-76.7039","21.3","2020-06-28","0.02","0.0","0.0","89","72",,,,,
"USC00449151","WILLIAMSBURG 2 N, VA US","37.3017","-76.7039","21.3","2020-06-29","0.00","0.0","0.0","89","71",,,,,
"USC00449151","WILLIAMSBURG 2 N, VA US","37.3017","-76.7039","21.3","2020-06-30","0.00","0.0","0.0","90","69",,,,,
"USC00449151","WILLIAMSBURG 2 N, VA US","37.3017","-76.7039","21.3","2020-07-01","0.29","0.0","0.0","89","69",,"    1",,,
"USC00449151","WILLIAMSBURG 2 N, VA US","37.3017","-76.7039","21.3","2020-07-02","0.02","0.0","0.0","88","67",,,,,
"USC00449151","WILLIAMSBURG 2 N, VA US","37.3017","-76.7039","21.3","2020-07-03","0.00","0.0","0.0","93","70",,,,,
"USC00449151","WILLIAMSBURG 2 N, VA US","37.3017","-76.7039","21.3","2020-07-04","0.00","0.0","0.0","92","73",,,,,
"USC00449151","WILLIAMSBURG 2 N, VA US","37.3017","-76.7039","21.3","2020-07-05","0.00","0.0","0.0","87","70",,,,,
"USC00449151","WILLIAMSBURG 2 N, VA US","37.3017","-76.7039","21.3","2020-07-06","0.00","0.0","0.0","92","72",,,,,
"USC00449151","WILLIAMSBURG 2 N, VA US","37.3017","-76.7039","21.3","2020-07-07","0.00","0.0","0.0","90","73",,,,,
"USC00449151","WILLIAMSBURG 2 N, VA US","37.3017","-76.7039","21.3","2020-07-08","0.00","0.0","0.0","88","71",,,,,
"USC00449151","WILLIAMSBURG 2 N, VA US","37.3017","-76.7039","21.3","2020-07-09","0.16","0.0","0.0","86","74",,,,,
"USC00449151","WILLIAMSBURG 2 N, VA US","37.3017","-76.7039","21.3","2020-07-10","0.00","0.0","0.0","92","75",,,,,
"USC00449151","WILLIAMSBURG 2 N, VA US","37.3017","-76.7039","21.3","2020-07-11","0.00","0.0","0.0","91","75",,,,,
"USC00449151","WILLIAMSBURG 2 N, VA US","37.3017","-76.7039","21.3","2020-07-12","0.00","0.0","0.0","92","70",,,,,
"USC00449151","WILLIAMSBURG 2 N, VA US","37.3017","-76.7039","21.3","2020-07-13","0.03","0.0","0.0","90","71",,,,,
"USC00449151","WILLIAMSBURG 2 N, VA US","37.3017","-76.7039","21.3","2020-07-14","0.00","0.0","0.0","91","70",,,,,
"USC00449151","WILLIAMSBURG 2 N, VA US","37.3017","-76.7039","21.3","2020-07-15","0.00","0.0","0.0","91","71",,,,,
"USC00449151","WILLIAMSBURG 2 N, VA US","37.3017","-76.7039","21.3","2020-07-16","0.00","0.0","0.0","87","68",,,,,
"USC00449151","WILLIAMSBURG 2 N, VA US","37.3017","-76.7039","21.3","2020-07-17","0.04","0.0","0.0","94","72",,,,,
"USC00449151","WILLIAMSBURG 2 N, VA US","37.3017","-76.7039","21.3","2020-07-18","0.00","0.0","0.0","97","75",,,,,
"USC00449151","WILLIAMSBURG 2 N, VA US","37.3017","-76.7039","21.3","2020-07-19","0.00","0.0","0.0","98","74",,,,,
"USC00449151","WILLIAMSBURG 2 N, VA US","37.3017","-76.7039","21.3","2020-07-20","0.00","0.0","0.0","98","80",,,,,
"USC00449151","WILLIAMSBURG 2 N, VA US","37.3017","-76.7039","21.3","2020-07-21","0.25","0.0","0.0","99","76",,"    1",,,
"USC00449151","WILLIAMSBURG 2 N, VA US","37.3017","-76.7039","21.3","2020-07-22","0.35","0.0","0.0","96","73",,"    1",,,
"USC00449151","WILLIAMSBURG 2 N, VA US","37.3017","-76.7039","21.3","2020-07-23","0.85","0.0","0.0","94","73",,"    1",,,
"USC00449151","WILLIAMSBURG 2 N, VA US","37.3017","-76.7039","21.3","2020-07-24","0.10","0.0","0.0","90","73",,"    1",,,
"USC00449151","WILLIAMSBURG 2 N, VA US","37.3017","-76.7039","21.3","2020-07-25","0.14","0.0","0.0","91","71",,"    1",,,
"USC00449151","WILLIAMSBURG 2 N, VA US","37.3017","-76.7039","21.3","2020-07-26","0.00","0.0","0.0","96","73",,,,,
"USC00449151","WILLIAMSBURG 2 N, VA US","37.3017","-76.7039","21.3","2020-07-27","0.00","0.0","0.0","95","77",,,,,
"USC00449151","WILLIAMSBURG 2 N, VA US","37.3017","-76.7039","21.3","2020-07-28","1.41","0.0","0.0","97","73",,"    1",,,
"USC00449151","WILLIAMSBURG 2 N, VA US","37.3017","-76.7039","21.3","2020-07-29","0.00","0.0","0.0","88","73",,,,,
"USC00449151","WILLIAMSBURG 2 N, VA US","37.3017","-76.7039","21.3","2020-07-30","0.00","0.0","0.0","93","74",,,,,
"USC00449151","WILLIAMSBURG 2 N, VA US","37.3017","-76.7039","21.3","2020-07-31","1.35","0.0","0.0","91","75",,"    1",,,
"USC00449151","WILLIAMSBURG 2 N, VA US","37.3017","-76.7039","21.3","2020-08-01","0.20","0.0","0.0","87","75",,,,,
"USC00449151","WILLIAMSBURG 2 N, VA US","37.3017","-76.7039","21.3","2020-08-02","0.00","0.0","0.0","93","74",,,,,
"USC00449151","WILLIAMSBURG 2 N, VA US","37.3017","-76.7039","21.3","2020-08-03","2.15","0.0","0.0","81","73",,"    1",,,
"USC00449151","WILLIAMSBURG 2 N, VA US","37.3017","-76.7039","21.3","2020-08-04","2.99","0.0","0.0","88","70",,,,,"    1"
"USC00449151","WILLIAMSBURG 2 N, VA US","37.3017","-76.7039","21.3","2020-08-05","0.00","0.0","0.0","90","73",,,,,
"USC00449151","WILLIAMSBURG 2 N, VA US","37.3017","-76.7039","21.3","2020-08-06","0.65","0.0","0.0","89","73",,"    1",,,
"USC00449151","WILLIAMSBURG 2 N, VA US","37.3017","-76.7039","21.3","2020-08-07","0.02","0.0","0.0","88","71",,,,,
"USC00449151","WILLIAMSBURG 2 N, VA US","37.3017","-76.7039","21.3","2020-08-08","0.00","0.0","0.0","85","74",,,,,
"USC00449151","WILLIAMSBURG 2 N, VA US","37.3017","-76.7039","21.3","2020-08-09","0.00","0.0","0.0","88","71",,,,,
"USC00449151","WILLIAMSBURG 2 N, VA US","37.3017","-76.7039","21.3","2020-08-10","0.05","0.0","0.0","90","73",,,,,
"USC00449151","WILLIAMSBURG 2 N, VA US","37.3017","-76.7039","21.3","2020-08-11","0.00","0.0","0.0","91","71",,,,,
"USC00449151","WILLIAMSBURG 2 N, VA US","37.3017","-76.7039","21.3","2020-08-12","1.11","0.0","0.0","91","73",,,,,
"USC00449151","WILLIAMSBURG 2 N, VA US","37.3017","-76.7039","21.3","2020-08-13","2.18","0.0","0.0","85","73",,,,,
"USC00449151","WILLIAMSBURG 2 N, VA US","37.3017","-76.7039","21.3","2020-08-14","3.08","0.0","0.0","84","74",,,,,
"USC00449151","WILLIAMSBURG 2 N, VA US","37.3017","-76.7039","21.3","2020-08-15","2.05","0.0","0.0","75","72",,,,,
"USC00449151","WILLIAMSBURG 2 N, VA US","37.3017","-76.7039","21.3","2020-08-16","0.18","0.0","0.0","74","69",,,,,
"USC00449151","WILLIAMSBURG 2 N, VA US","37.3017","-76.7039","21.3","2020-08-17","0.02","0.0","0.0","83","66",,,,,
"USC00449151","WILLIAMSBURG 2 N, VA US","37.3017","-76.7039","21.3","2020-08-18","0.00","0.0","0.0","87","68",,,,,
"USC00449151","WILLIAMSBURG 2 N, VA US","37.3017","-76.7039","21.3","2020-08-19","0.25","0.0","0.0","84","71",,,,,
"USC00449151","WILLIAMSBURG 2 N, VA US","37.3017","-76.7039","21.3","2020-08-20","0.00","0.0","0.0","82","69",,,,,
"USC00449151","WILLIAMSBURG 2 N, VA US","37.3017","-76.7039","21.3","2020-08-21","0.03","0.0","0.0","85","69",,,,,
"USC00449151","WILLIAMSBURG 2 N, VA US","37.3017","-76.7039","21.3","2020-08-22","0.35","0.0","0.0","84","72",,,,,
"USC00449151","WILLIAMSBURG 2 N, VA US","37.3017","-76.7039","21.3","2020-08-23","0.00","0.0","0.0","87","73",,,,,
"USC00449151","WILLIAMSBURG 2 N, VA US","37.3017","-76.7039","21.3","2020-08-24","0.00","0.0","0.0","85","75",,,,,
"USC00449151","WILLIAMSBURG 2 N, VA US","37.3017","-76.7039","21.3","2020-08-25","0.00","0.0","0.0","90","75",,,,,
"USC00449151","WILLIAMSBURG 2 N, VA US","37.3017","-76.7039","21.3","2020-08-26","0.00","0.0","0.0","86","71",,,,,
"USC00449151","WILLIAMSBURG 2 N, VA US","37.3017","-76.7039","21.3","2020-08-27","0.63","0.0","0.0","92","72",,,,,
"USC00449151","WILLIAMSBURG 2 N, VA US","37.3017","-76.7039","21.3","2020-08-28","0.00","0.0","0.0","92","73",,,,,
"USC00449151","WILLIAMSBURG 2 N, VA US","37.3017","-76.7039","21.3","2020-08-29","0.11","0.0","0.0","86","78",,"    1",,,
"USC00449151","WILLIAMSBURG 2 N, VA US","37.3017","-76.7039","21.3","2020-08-30","0.00","0.0","0.0","85","69",,,,,
"USC00449151","WILLIAMSBURG 2 N, VA US","37.3017","-76.7039","21.3","2020-08-31","0.00","0.0","0.0","80","66",,,,,
"USC00449151","WILLIAMSBURG 2 N, VA US","37.3017","-76.7039","21.3","2020-09-01","0.04","0.0","0.0","82","72",,,,,
"USC00449151","WILLIAMSBURG 2 N, VA US","37.3017","-76.7039","21.3","2020-09-02","0.00","0.0","0.0","89","74",,,,,
"USC00449151","WILLIAMSBURG 2 N, VA US","37.3017","-76.7039","21.3","2020-09-03","0.00","0.0","0.0","93","72",,,,,
"USC00449151","WILLIAMSBURG 2 N, VA US","37.3017","-76.7039","21.3","2020-09-04","0.02","0.0","0.0","91","75",,,,,
"USC00449151","WILLIAMSBURG 2 N, VA US","37.3017","-76.7039","21.3","2020-09-05","0.00","0.0","0.0","81","61",,,,,
"USC00449151","WILLIAMSBURG 2 N, VA US","37.3017","-76.7039","21.3","2020-09-06","0.00","0.0","0.0","81","59",,,,,
"USC00449151","WILLIAMSBURG 2 N, VA US","37.3017","-76.7039","21.3","2020-09-07","0.00","0.0","0.0","82","60",,,,,
"USC00449151","WILLIAMSBURG 2 N, VA US","37.3017","-76.7039","21.3","2020-09-08","0.00","0.0","0.0","85","67",,,,,
"USC00449151","WILLIAMSBURG 2 N, VA US","37.3017","-76.7039","21.3","2020-09-09","2.12","0.0","0.0","78","74",,,,,
"USC00449151","WILLIAMSBURG 2 N, VA US","37.3017","-76.7039","21.3","2020-09-10","0.24","0.0","0.0","83","75",,"    1",,,
"USC00449151","WILLIAMSBURG 2 N, VA US","37.3017","-76.7039","21.3","2020-09-11","0.77","0.0","0.0","84","73",,"    1",,,
"USC00449151","WILLIAMSBURG 2 N, VA US","37.3017","-76.7039","21.3","2020-09-12","0.01","0.0","0.0","78","65",,,,,
"USC00449151","WILLIAMSBURG 2 N, VA US","37.3017","-76.7039","21.3","2020-09-13","0.00","0.0","0.0","83","66",,,,,
"USC00449151","WILLIAMSBURG 2 N, VA US","37.3017","-76.7039","21.3","2020-09-14","0.00","0.0","0.0","77","64",,,,,
"USC00449151","WILLIAMSBURG 2 N, VA US","37.3017","-76.7039","21.3","2020-09-15","0.00","0.0","0.0","71","59",,,,,
"USC00449151","WILLIAMSBURG 2 N, VA US","37.3017","-76.7039","21.3","2020-09-16","0.00","0.0","0.0","75","57",,,,,
"USC00449151","WILLIAMSBURG 2 N, VA US","37.3017","-76.7039","21.3","2020-09-17","1.75","0.0","0.0","70","67",,,,,
"USC00449151","WILLIAMSBURG 2 N, VA US","37.3017","-76.7039","21.3","2020-09-18","1.15","0.0","0.0","69","63",,,,,
"USC00449151","WILLIAMSBURG 2 N, VA US","37.3017","-76.7039","21.3","2020-09-19","0.00","0.0","0.0","64","54",,,,,
"USC00449151","WILLIAMSBURG 2 N, VA US","37.3017","-76.7039","21.3","2020-09-20","0.00","0.0","0.0","69","52",,,,,
"USC00449151","WILLIAMSBURG 2 N, VA US","37.3017","-76.7039","21.3","2020-09-21","0.00","0.0","0.0","66","52",,,,,
"USC00449151","WILLIAMSBURG 2 N, VA US","37.3017","-76.7039","21.3","2020-09-22","0.00","0.0","0.0","70","48",,,,,
"USC00449151","WILLIAMSBURG 2 N, VA US","37.3017","-76.7039","21.3","2020-09-23","0.00","0.0","0.0","77","51",,,,,
"USC00449151","WILLIAMSBURG 2 N, VA US","37.3017","-76.7039","21.3","2020-09-24","0.01","0.0","0.0","67","57",,,,,
"USC00449151","WILLIAMSBURG 2 N, VA US","37.3017","-76.7039","21.3","2020-09-25","0.21","0.0","0.0","67","63",,,,,
"USC00449151","WILLIAMSBURG 2 N, VA US","37.3017","-76.7039","21.3","2020-09-26","0.93","0.0","0.0","71","66",,,,,
"USC00449151","WILLIAMSBURG 2 N, VA US","37.3017","-76.7039","21.3","2020-09-27","0.01","0.0","0.0","75","66",,,,,
"USC00449151","WILLIAMSBURG 2 N, VA US","37.3017","-76.7039","21.3","2020-09-28","0.07","0.0","0.0","82","65",,,,,
"USC00449151","WILLIAMSBURG 2 N, VA US","37.3017","-76.7039","21.3","2020-09-29","2.63","0.0","0.0","77","59",,,,,
"USC00449151","WILLIAMSBURG 2 N, VA US","37.3017","-76.7039","21.3","2020-09-30","0.13","0.0","0.0","70","57",,,,,
"USC00449151","WILLIAMSBURG 2 N, VA US","37.3017","-76.7039","21.3","2020-10-01","0.00","0.0","0.0","79","57",,,,,
"USC00449151","WILLIAMSBURG 2 N, VA US","37.3017","-76.7039","21.3","2020-10-02","0.00","0.0","0.0","68","53",,,,,
"USC00449151","WILLIAMSBURG 2 N, VA US","37.3017","-76.7039","21.3","2020-10-03","0.00","0.0","0.0","69","50",,,,,
"USC00449151","WILLIAMSBURG 2 N, VA US","37.3017","-76.7039","21.3","2020-10-04","0.00","0.0","0.0","69","48",,,,,
"USC00449151","WILLIAMSBURG 2 N, VA US","37.3017","-76.7039","21.3","2020-10-05","0.00","0.0","0.0","70","50",,,,,
"USC00449151","WILLIAMSBURG 2 N, VA US","37.3017","-76.7039","21.3","2020-10-06","0.00","0.0","0.0","74","49",,,,,
"USC00449151","WILLIAMSBURG 2 N, VA US","37.3017","-76.7039","21.3","2020-10-07","0.02","0.0","0.0","80","57",,,,,
"USC00449151","WILLIAMSBURG 2 N, VA US","37.3017","-76.7039","21.3","2020-10-08","0.00","0.0","0.0","74","55",,,,,
"USC00449151","WILLIAMSBURG 2 N, VA US","37.3017","-76.7039","21.3","2020-10-09","0.00","0.0","0.0","72","51",,,,,
"USC00449151","WILLIAMSBURG 2 N, VA US","37.3017","-76.7039","21.3","2020-10-10","0.55","0.0","0.0","67","62",,,,,
"USC00449151","WILLIAMSBURG 2 N, VA US","37.3017","-76.7039","21.3","2020-10-11","0.81","0.0","0.0","69","64","    1",,,,
"USC00449151","WILLIAMSBURG 2 N, VA US","37.3017","-76.7039","21.3","2020-10-12","1.17","0.0","0.0","71","64",,,,,
"USC00449151","WILLIAMSBURG 2 N, VA US","37.3017","-76.7039","21.3","2020-10-13","0.00","0.0","0.0","69","56",,,,,
"USC00449151","WILLIAMSBURG 2 N, VA US","37.3017","-76.7039","21.3","2020-10-14","0.02","0.0","0.0","73","49",,,,,
"USC00449151","WILLIAMSBURG 2 N, VA US","37.3017","-76.7039","21.3","2020-10-15","0.01","0.0","0.0","78","53",,,,,
"USC00449151","WILLIAMSBURG 2 N, VA US","37.3017","-76.7039","21.3","2020-10-16","1.29","0.0","0.0","70","52",,,,,
"USC00449151","WILLIAMSBURG 2 N, VA US","37.3017","-76.7039","21.3","2020-10-17","0.02","0.0","0.0","62","46",,,,,
"USC00449151","WILLIAMSBURG 2 N, VA US","37.3017","-76.7039","21.3","2020-10-18","0.00","0.0","0.0","68","44",,,,,
"USC00449151","WILLIAMSBURG 2 N, VA US","37.3017","-76.7039","21.3","2020-10-19","0.00","0.0","0.0","73","52",,,,,
"USC00449151","WILLIAMSBURG 2 N, VA US","37.3017","-76.7039","21.3","2020-10-20","0.00","0.0","0.0","76","63",,,,,
"USC00449151","WILLIAMSBURG 2 N, VA US","37.3017","-76.7039","21.3","2020-10-21","0.02","0.0","0.0","82","63",,,,,
"USC00449151","WILLIAMSBURG 2 N, VA US","37.3017","-76.7039","21.3","2020-10-22","0.00","0.0","0.0","80","58",,,,,
"USC00449151","WILLIAMSBURG 2 N, VA US","37.3017","-76.7039","21.3","2020-10-23","0.00","0.0","0.0","74","58",,,,,
"USC00449151","WILLIAMSBURG 2 N, VA US","37.3017","-76.7039","21.3","2020-10-24","1.39","0.0","0.0","82","60",,,,,
"USC00449151","WILLIAMSBURG 2 N, VA US","37.3017","-76.7039","21.3","2020-10-25","0.76","0.0","0.0","64","53",,,,,
"USC00449151","WILLIAMSBURG 2 N, VA US","37.3017","-76.7039","21.3","2020-10-26","0.01","0.0","0.0","62","54",,,,,
"USC00449151","WILLIAMSBURG 2 N, VA US","37.3017","-76.7039","21.3","2020-10-27","0.00","0.0","0.0","63","57",,,,,
"USC00449151","WILLIAMSBURG 2 N, VA US","37.3017","-76.7039","21.3","2020-10-28","0.00","0.0","0.0","76","62",,,,,
"USC00449151","WILLIAMSBURG 2 N, VA US","37.3017","-76.7039","21.3","2020-10-29","0.40","0.0","0.0","79","63",,,,,
"USC00449151","WILLIAMSBURG 2 N, VA US","37.3017","-76.7039","21.3","2020-10-30","0.49","0.0","0.0","63","47",,,,,
"USC00449151","WILLIAMSBURG 2 N, VA US","37.3017","-76.7039","21.3","2020-10-31","0.00","0.0","0.0","57","43",,,,,
"USC00449151","WILLIAMSBURG 2 N, VA US","37.3017","-76.7039","21.3","2020-11-01","0.46","0.0","0.0","60","44",,,,,
"USC00449151","WILLIAMSBURG 2 N, VA US","37.3017","-76.7039","21.3","2020-11-02","0.00","0.0","0.0","52","37",,,,,
"USC00449151","WILLIAMSBURG 2 N, VA US","37.3017","-76.7039","21.3","2020-11-03","0.00","0.0","0.0","62","38",,,,,
"USC00449151","WILLIAMSBURG 2 N, VA US","37.3017","-76.7039","21.3","2020-11-04","0.00","0.0","0.0","67","40",,,,,
"USC00449151","WILLIAMSBURG 2 N, VA US","37.3017","-76.7039","21.3","2020-11-05","0.00","0.0","0.0","72","45",,,,,
"USC00449151","WILLIAMSBURG 2 N, VA US","37.3017","-76.7039","21.3","2020-11-06","0.00","0.0","0.0","74","53","    1",,,,
"USC00449151","WILLIAMSBURG 2 N, VA US","37.3017","-76.7039","21.3","2020-11-07","0.00","0.0","0.0","77","54","    1",,,,
"USC00449151","WILLIAMSBURG 2 N, VA US","37.3017","-76.7039","21.3","2020-11-08","0.00","0.0","0.0","76","51",,,,,
"USC00449151","WILLIAMSBURG 2 N, VA US","37.3017","-76.7039","21.3","2020-11-09","0.00","0.0","0.0","75","50",,,,,
"USC00449151","WILLIAMSBURG 2 N, VA US","37.3017","-76.7039","21.3","2020-11-10","0.00","0.0","0.0","78","52",,,,,
"USC00449151","WILLIAMSBURG 2 N, VA US","37.3017","-76.7039","21.3","2020-11-11","0.54","0.0","0.0","79","64",,,,,
"USC00449151","WILLIAMSBURG 2 N, VA US","37.3017","-76.7039","21.3","2020-11-12","1.78","0.0","0.0","70","54",,,,,
"USC00449151","WILLIAMSBURG 2 N, VA US","37.3017","-76.7039","21.3","2020-11-13","0.00","0.0","0.0","58","50",,,,,
"USC00449151","WILLIAMSBURG 2 N, VA US","37.3017","-76.7039","21.3","2020-11-14","0.00","0.0","0.0","61","42",,,,,
"USC00449151","WILLIAMSBURG 2 N, VA US","37.3017","-76.7039","21.3","2020-11-15","0.09","0.0","0.0","72","44",,,,,
"USC00449151","WILLIAMSBURG 2 N, VA US","37.3017","-76.7039","21.3","2020-11-16","0.00","0.0","0.0","61","43",,,,,
"USC00449151","WILLIAMSBURG 2 N, VA US","37.3017","-76.7039","21.3","2020-11-17","0.00","0.0","0.0","59","42",,,,,
"USC00449151","WILLIAMSBURG 2 N, VA US","37.3017","-76.7039","21.3","2020-11-18","0.00","0.0","0.0","48","32",,,,,
"USC00449151","WILLIAMSBURG 2 N, VA US","37.3017","-76.7039","21.3","2020-11-19","0.00","0.0","0.0","55","29",,,,,
"USC00449151","WILLIAMSBURG 2 N, VA US","37.3017","-76.7039","21.3","2020-11-20","0.00","0.0","0.0","67","37",,,,,
"USC00449151","WILLIAMSBURG 2 N, VA US","37.3017","-76.7039","21.3","2020-11-21","0.00","0.0","0.0","71","43",,,,,
"USC00449151","WILLIAMSBURG 2 N, VA US","37.3017","-76.7039","21.3","2020-11-22","0.00","0.0","0.0","66","46",,,,,
"USC00449151","WILLIAMSBURG 2 N, VA US","37.3017","-76.7039","21.3","2020-11-23","0.02","0.0","0.0","59","41",,,,,
"USC00449151","WILLIAMSBURG 2 N, VA US","37.3017","-76.7039","21.3","2020-11-24","0.00","0.0","0.0","53","35",,,,,
"USC00449151","WILLIAMSBURG 2 N, VA US","37.3017","-76.7039","21.3","2020-11-25","0.00","0.0","0.0","61","37",,,,,
"USC00449151","WILLIAMSBURG 2 N, VA US","37.3017","-76.7039","21.3","2020-11-26","0.18","0.0","0.0","69","54","    1",,,,
"USC00449151","WILLIAMSBURG 2 N, VA US","37.3017","-76.7039","21.3","2020-11-27","0.00","0.0","0.0","66","49",,,,,
"USC00449151","WILLIAMSBURG 2 N, VA US","37.3017","-76.7039","21.3","2020-11-28","0.00","0.0","0.0","62","42",,,,,
"USC00449151","WILLIAMSBURG 2 N, VA US","37.3017","-76.7039","21.3","2020-11-29","0.04","0.0","0.0","62","37",,,,,
"USC00449151","WILLIAMSBURG 2 N, VA US","37.3017","-76.7039","21.3","2020-11-30","0.94","0.0","0.0","75","51",,,,,
"USC00449151","WILLIAMSBURG 2 N, VA US","37.3017","-76.7039","21.3","2020-12-01","0.00","0.0","0.0","51","37",,,,,
"USC00449151","WILLIAMSBURG 2 N, VA US","37.3017","-76.7039","21.3","2020-12-02","0.00","0.0","0.0","50","32",,,,,
"USC00449151","WILLIAMSBURG 2 N, VA US","37.3017","-76.7039","21.3","2020-12-03","0.00","0.0","0.0","58","28",,,,,
"USC00449151","WILLIAMSBURG 2 N, VA US","37.3017","-76.7039","21.3","2020-12-04","0.47","0.0","0.0","60","44",,,,,
"USC00449151","WILLIAMSBURG 2 N, VA US","37.3017","-76.7039","21.3","2020-12-05","0.61","0.0","0.0","60","42",,,,,
"USC00449151","WILLIAMSBURG 2 N, VA US","37.3017","-76.7039","21.3","2020-12-06","0.00","0.0","0.0","50","33",,,,,
"USC00449151","WILLIAMSBURG 2 N, VA US","37.3017","-76.7039","21.3","2020-12-07","0.24","0.0","0.0","38","32",,,,,
"USC00449151","WILLIAMSBURG 2 N, VA US","37.3017","-76.7039","21.3","2020-12-08","0.00","0.0","0.0","47","29",,,,,
"USC00449151","WILLIAMSBURG 2 N, VA US","37.3017","-76.7039","21.3","2020-12-09","0.00","0.0","0.0","48","26",,,,,
"USC00449151","WILLIAMSBURG 2 N, VA US","37.3017","-76.7039","21.3","2020-12-10","0.00","0.0","0.0","56","30",,,,,
"USC00449151","WILLIAMSBURG 2 N, VA US","37.3017","-76.7039","21.3","2020-12-11","0.00","0.0","0.0","65","34",,,,,
"USC00449151","WILLIAMSBURG 2 N, VA US","37.3017","-76.7039","21.3","2020-12-12","0.00","0.0","0.0","65","45",,,,,
"USC00449151","WILLIAMSBURG 2 N, VA US","37.3017","-76.7039","21.3","2020-12-13","0.07","0.0","0.0","69","49",,,,,
"USC00449151","WILLIAMSBURG 2 N, VA US","37.3017","-76.7039","21.3","2020-12-14","1.20","0.0","0.0","52","37",,,,,
"USC00449151","WILLIAMSBURG 2 N, VA US","37.3017","-76.7039","21.3","2020-12-15","0.00","0.0","0.0","44","30",,,,,
"USC00449151","WILLIAMSBURG 2 N, VA US","37.3017","-76.7039","21.3","2020-12-16","0.90","0.0","0.0","50","31",,,,,
"USC00449151","WILLIAMSBURG 2 N, VA US","37.3017","-76.7039","21.3","2020-12-17","0.00","0.0","0.0","45","30",,,,,
"USC00449151","WILLIAMSBURG 2 N, VA US","37.3017","-76.7039","21.3","2020-12-18","0.00","0.0","0.0","41","30",,,,,
"USC00449151","WILLIAMSBURG 2 N, VA US","37.3017","-76.7039","21.3","2020-12-19","0.00","0.0","0.0","42","27",,,,,
"USC00449151","WILLIAMSBURG 2 N, VA US","37.3017","-76.7039","21.3","2020-12-20","0.39","0.0","0.0","42","31",,,,,
"USC00449151","WILLIAMSBURG 2 N, VA US","37.3017","-76.7039","21.3","2020-12-21","0.00","0.0","0.0","45","38",,,,,
"USC00449151","WILLIAMSBURG 2 N, VA US","37.3017","-76.7039","21.3","2020-12-22","0.00","0.0","0.0","54","34",,,,,
"USC00449151","WILLIAMSBURG 2 N, VA US","37.3017","-76.7039","21.3","2020-12-23","0.00","0.0","0.0","52","28",,,,,
"USC00449151","WILLIAMSBURG 2 N, VA US","37.3017","-76.7039","21.3","2020-12-24","2.44","0.0","0.0","67","40",,,,,
"USC00449151","WILLIAMSBURG 2 N, VA US","37.3017","-76.7039","21.3","2020-12-25","0.05","0.0","0.0","59","28",,,,,
"USC00449151","WILLIAMSBURG 2 N, VA US","37.3017","-76.7039","21.3","2020-12-26","0.00","0.0","0.0","37","23",,,,,
"USC00449151","WILLIAMSBURG 2 N, VA US","37.3017","-76.7039","21.3","2020-12-27","0.00","0.0","0.0","45","23",,,,,
"USC00449151","WILLIAMSBURG 2 N, VA US","37.3017","-76.7039","21.3","2020-12-28","0.00","0.0","0.0","57","30",,,,,
"USC00449151","WILLIAMSBURG 2 N, VA US","37.3017","-76.7039","21.3","2020-12-29","0.00","0.0","0.0","47","28",,,,,
"USC00449151","WILLIAMSBURG 2 N, VA US","37.3017","-76.7039","21.3","2020-12-30","0.02","0.0","0.0","52","25",,,,,
"USC00449151","WILLIAMSBURG 2 N, VA US","37.3017","-76.7039","21.3","2020-12-31","0.30","0.0","0.0","56","43",,,,,
"USC00449151","WILLIAMSBURG 2 N, VA US","37.3017","-76.7039","21.3","2021-01-01","0.23","0.0","0.0","44","40",,,,,
"USC00449151","WILLIAMSBURG 2 N, VA US","37.3017","-76.7039","21.3","2021-01-02","0.03","0.0","0.0","61","38",,,,,
"USC00449151","WILLIAMSBURG 2 N, VA US","37.3017","-76.7039","21.3","2021-01-03","1.24","0.0","0.0","49","42",,,,,
"USC00449151","WILLIAMSBURG 2 N, VA US","37.3017","-76.7039","21.3","2021-01-04","0.00","0.0","0.0","49","35",,,,,
"USC00449151","WILLIAMSBURG 2 N, VA US","37.3017","-76.7039","21.3","2021-01-05","0.00","0.0","0.0","47","37",,,,,
"USC00449151","WILLIAMSBURG 2 N, VA US","37.3017","-76.7039","21.3","2021-01-06","0.00","0.0","0.0","44","32",,,,,
"USC00449151","WILLIAMSBURG 2 N, VA US","37.3017","-76.7039","21.3","2021-01-07","0.00","0.0","0.0","47","29",,,,,
"USC00449151","WILLIAMSBURG 2 N, VA US","37.3017","-76.7039","21.3","2021-01-08","0.00","0.0","0.0","42","33",,,,,
"USC00449151","WILLIAMSBURG 2 N, VA US","37.3017","-76.7039","21.3","2021-01-09","0.02","0.0","0.0","45","32",,,,,
"USC00449151","WILLIAMSBURG 2 N, VA US","37.3017","-76.7039","21.3","2021-01-10","0.00","0.0","0.0","50","29",,,,,
"USC00449151","WILLIAMSBURG 2 N, VA US","37.3017","-76.7039","21.3","2021-01-11","0.00","0.0","0.0","46","27",,,,,
"USC00449151","WILLIAMSBURG 2 N, VA US","37.3017","-76.7039","21.3","2021-01-12","0.00","0.0","0.0","51","29",,,,,
"USC00449151","WILLIAMSBURG 2 N, VA US","37.3017","-76.7039","21.3","2021-01-13","0.00","0.0","0.0","55","27",,,,,
"USC00449151","WILLIAMSBURG 2 N, VA US","37.3017","-76.7039","21.3","2021-01-14","0.00","0.0","0.0","56","32",,,,,
"USC00449151","WILLIAMSBURG 2 N, VA US","37.3017","-76.7039","21.3","2021-01-15","0.55","0.0","0.0","56","29",,,,,
"USC00449151","WILLIAMSBURG 2 N, VA US","37.3017","-76.7039","21.3","2021-01-16","0.08","0.0","0.0","46","33",,,,,
"USC00449151","WILLIAMSBURG 2 N, VA US","37.3017","-76.7039","21.3","2021-01-17","0.00","0.0","0.0","50","32",,,,,
"USC00449151","WILLIAMSBURG 2 N, VA US","37.3017","-76.7039","21.3","2021-01-18","0.00","0.0","0.0","49","34",,,,,
"USC00449151","WILLIAMSBURG 2 N, VA US","37.3017","-76.7039","21.3","2021-01-19","0.00","0.0","0.0","56","28",,,,,
"USC00449151","WILLIAMSBURG 2 N, VA US","37.3017","-76.7039","21.3","2021-01-20","0.00","0.0","0.0","50","29",,,,,
"USC00449151","WILLIAMSBURG 2 N, VA US","37.3017","-76.7039","21.3","2021-01-21","0.00","0.0","0.0","56","26",,,,,
"USC00449151","WILLIAMSBURG 2 N, VA US","37.3017","-76.7039","21.3","2021-01-22","0.00","0.0","0.0","61","26",,,,,
"USC00449151","WILLIAMSBURG 2 N, VA US","37.3017","-76.7039","21.3","2021-01-23","0.00","0.0","0.0","40","27",,,,,
"USC00449151","WILLIAMSBURG 2 N, VA US","37.3017","-76.7039","21.3","2021-01-24","0.00","0.0","0.0","43","25",,,,,
"USC00449151","WILLIAMSBURG 2 N, VA US","37.3017","-76.7039","21.3","2021-01-25","0.62","0.0","0.0","43","33",,,,,
"USC00449151","WILLIAMSBURG 2 N, VA US","37.3017","-76.7039","21.3","2021-01-26","0.42","0.0","0.0","43","38",,,,,
"USC00449151","WILLIAMSBURG 2 N, VA US","37.3017","-76.7039","21.3","2021-01-27","0.00","0.0","0.0","46","38",,,,,
"USC00449151","WILLIAMSBURG 2 N, VA US","37.3017","-76.7039","21.3","2021-01-28","0.09","1.2","0.0","38","28",,,,,
"USC00449151","WILLIAMSBURG 2 N, VA US","37.3017","-76.7039","21.3","2021-01-29","0.00","0.0","0.0","35","24",,,,,
"USC00449151","WILLIAMSBURG 2 N, VA US","37.3017","-76.7039","21.3","2021-01-30","0.00","0.0","0.0","39","22",,,,,
"USC00449151","WILLIAMSBURG 2 N, VA US","37.3017","-76.7039","21.3","2021-01-31","0.72","1.2","0.0","41","30",,,,,
"USC00449151","WILLIAMSBURG 2 N, VA US","37.3017","-76.7039","21.3","2021-02-01","0.00","0.0","0.0","35","32",,,,,
"USC00449151","WILLIAMSBURG 2 N, VA US","37.3017","-76.7039","21.3","2021-02-02","0.03","0.0","0.0","38","32",,,,,
"USC00449151","WILLIAMSBURG 2 N, VA US","37.3017","-76.7039","21.3","2021-02-03","0.00","0.0","0.0","47","34",,,,,
"USC00449151","WILLIAMSBURG 2 N, VA US","37.3017","-76.7039","21.3","2021-02-04","0.00","0.0","0.0","52","25",,,,,
"USC00449151","WILLIAMSBURG 2 N, VA US","37.3017","-76.7039","21.3","2021-02-05","0.06","0.0","0.0","51","40",,,,,
"USC00449151","WILLIAMSBURG 2 N, VA US","37.3017","-76.7039","21.3","2021-02-06","0.00","0.0","0.0","56","29",,,,,
"USC00449151","WILLIAMSBURG 2 N, VA US","37.3017","-76.7039","21.3","2021-02-07","0.69","0.0","0.0","44","34",,,,,
"USC00449151","WILLIAMSBURG 2 N, VA US","37.3017","-76.7039","21.3","2021-02-08","0.00","0.0","0.0","40","28",,,,,
"USC00449151","WILLIAMSBURG 2 N, VA US","37.3017","-76.7039","21.3","2021-02-09","0.06","0.0","0.0","56","31",,,,,
"USC00449151","WILLIAMSBURG 2 N, VA US","37.3017","-76.7039","21.3","2021-02-10","0.00","0.0","0.0","43","34",,,,,
"USC00449151","WILLIAMSBURG 2 N, VA US","37.3017","-76.7039","21.3","2021-02-11","0.54","0.0","0.0","39","32",,,,,
"USC00449151","WILLIAMSBURG 2 N, VA US","37.3017","-76.7039","21.3","2021-02-12","0.20","0.0","0.0","32","30",,,,,
"USC00449151","WILLIAMSBURG 2 N, VA US","37.3017","-76.7039","21.3","2021-02-13","0.58","0.2","0.0","33","31",,,,,
"USC00449151","WILLIAMSBURG 2 N, VA US","37.3017","-76.7039","21.3","2021-02-14","0.44","0.0","0.0","35","30",,,,,
"USC00449151","WILLIAMSBURG 2 N, VA US","37.3017","-76.7039","21.3","2021-02-15","0.02","0.0","0.0","41","34",,,,,
"USC00449151","WILLIAMSBURG 2 N, VA US","37.3017","-76.7039","21.3","2021-02-16","0.68","0.0","0.0","58","35",,"    1",,,
"USC00449151","WILLIAMSBURG 2 N, VA US","37.3017","-76.7039","21.3","2021-02-17","0.00","0.0","0.0","40","28",,,,,
"USC00449151","WILLIAMSBURG 2 N, VA US","37.3017","-76.7039","21.3","2021-02-18","1.14","0.0","0.0","35","30",,,,,
"USC00449151","WILLIAMSBURG 2 N, VA US","37.3017","-76.7039","21.3","2021-02-19","0.37","0.0","0.0","36","30",,,,,
"USC00449151","WILLIAMSBURG 2 N, VA US","37.3017","-76.7039","21.3","2021-02-20","0.00","0.0","0.0","40","26",,,,,
"USC00449151","WILLIAMSBURG 2 N, VA US","37.3017","-76.7039","21.3","2021-02-21","0.00","0.0","0.0","41","22",,,,,
"USC00449151","WILLIAMSBURG 2 N, VA US","37.3017","-76.7039","21.3","2021-02-22","0.40","0.0","0.0","58","28",,,,,
"USC00449151","WILLIAMSBURG 2 N, VA US","37.3017","-76.7039","21.3","2021-02-23","0.00","0.0","0.0","63","31",,,,,
"USC00449151","WILLIAMSBURG 2 N, VA US","37.3017","-76.7039","21.3","2021-02-24","0.00","0.0","0.0","69","30",,,,,
"USC00449151","WILLIAMSBURG 2 N, VA US","37.3017","-76.7039","21.3","2021-02-25","0.00","0.0","0.0","58","37",,,,,
"USC00449151","WILLIAMSBURG 2 N, VA US","37.3017","-76.7039","21.3","2021-02-26","0.21","0.0","0.0","45","33",,,,,
"USC00449151","WILLIAMSBURG 2 N, VA US","37.3017","-76.7039","21.3","2021-02-27","0.22","0.0","0.0","52","42",,,,,
"USC00449151","WILLIAMSBURG 2 N, VA US","37.3017","-76.7039","21.3","2021-02-28","0.20","0.0","0.0","52","47",,,,,
"USC00449151","WILLIAMSBURG 2 N, VA US","37.3017","-76.7039","21.3","2021-03-01","0.20","0.0","0.0","59","44",,,,,
"USC00449151","WILLIAMSBURG 2 N, VA US","37.3017","-76.7039","21.3","2021-03-02","0.00","0.0","0.0","46","30",,,,,
"USC00449151","WILLIAMSBURG 2 N, VA US","37.3017","-76.7039","21.3","2021-03-03","0.00","0.0","0.0","59","30",,,,,
"USC00449151","WILLIAMSBURG 2 N, VA US","37.3017","-76.7039","21.3","2021-03-04","0.00","0.0","0.0","61","34",,,,,
"USC00449151","WILLIAMSBURG 2 N, VA US","37.3017","-76.7039","21.3","2021-03-05","0.00","0.0","0.0","47","29",,,,,
"USC00449151","WILLIAMSBURG 2 N, VA US","37.3017","-76.7039","21.3","2021-03-06","0.00","0.0","0.0","53","28",,,,,
"USC00449151","WILLIAMSBURG 2 N, VA US","37.3017","-76.7039","21.3","2021-03-07","0.00","0.0","0.0","49","28",,,,,
"USC00449151","WILLIAMSBURG 2 N, VA US","37.3017","-76.7039","21.3","2021-03-08","0.00","0.0","0.0","56","25",,,,,
"USC00449151","WILLIAMSBURG 2 N, VA US","37.3017","-76.7039","21.3","2021-03-09","0.00","0.0","0.0","71","31",,,,,
"USC00449151","WILLIAMSBURG 2 N, VA US","37.3017","-76.7039","21.3","2021-03-10","0.00","0.0","0.0","75","39",,,,,
"USC00449151","WILLIAMSBURG 2 N, VA US","37.3017","-76.7039","21.3","2021-03-11","0.00","0.0","0.0","76","50",,,,,
"USC00449151","WILLIAMSBURG 2 N, VA US","37.3017","-76.7039","21.3","2021-03-12","0.00","0.0","0.0","75","56",,,,,
"USC00449151","WILLIAMSBURG 2 N, VA US","37.3017","-76.7039","21.3","2021-03-13","0.00","0.0","0.0","60","43",,,,,
"USC00449151","WILLIAMSBURG 2 N, VA US","37.3017","-76.7039","21.3","2021-03-14","0.00","0.0","0.0","66","34",,,,,
"USC00449151","WILLIAMSBURG 2 N, VA US","37.3017","-76.7039","21.3","2021-03-15","0.00","0.0","0.0","54","38",,,,,
"USC00449151","WILLIAMSBURG 2 N, VA US","37.3017","-76.7039","21.3","2021-03-16","0.31","0.0","0.0","43","35",,,,,
"USC00449151","WILLIAMSBURG 2 N, VA US","37.3017","-76.7039","21.3","2021-03-17","0.01","0.0","0.0","51","42",,,,,
"USC00449151","WILLIAMSBURG 2 N, VA US","37.3017","-76.7039","21.3","2021-03-18","1.61","0.0","0.0","60","47",,,,,
"USC00449151","WILLIAMSBURG 2 N, VA US","37.3017","-76.7039","21.3","2021-03-19","0.16","0.0","0.0","57","35",,,,,
"USC00449151","WILLIAMSBURG 2 N, VA US","37.3017","-76.7039","21.3","2021-03-20","0.00","0.0","0.0","52","31",,,,,
"USC00449151","WILLIAMSBURG 2 N, VA US","37.3017","-76.7039","21.3","2021-03-21","0.00","0.0","0.0","61","32",,,,,
"USC00449151","WILLIAMSBURG 2 N, VA US","37.3017","-76.7039","21.3","2021-03-22","0.00","0.0","0.0","65","41",,,,,
"USC00449151","WILLIAMSBURG 2 N, VA US","37.3017","-76.7039","21.3","2021-03-23","0.07","0.0","0.0","66","47",,,,,
"USC00449151","WILLIAMSBURG 2 N, VA US","37.3017","-76.7039","21.3","2021-03-24","1.26","0.0","0.0","62","54",,,,,
"USC00449151","WILLIAMSBURG 2 N, VA US","37.3017","-76.7039","21.3","2021-03-25","0.00","0.0","0.0","76","51",,,,,
"USC00449151","WILLIAMSBURG 2 N, VA US","37.3017","-76.7039","21.3","2021-03-26","0.02","0.0","0.0","85","62",,,,,
"USC00449151","WILLIAMSBURG 2 N, VA US","37.3017","-76.7039","21.3","2021-03-27","0.16","0.0","0.0","70","49",,"    1",,,
"USC00449151","WILLIAMSBURG 2 N, VA US","37.3017","-76.7039","21.3","2021-03-28","0.13","0.0","0.0","81","56",,,,,
"USC00449151","WILLIAMSBURG 2 N, VA US","37.3017","-76.7039","21.3","2021-03-29","0.00","0.0","0.0","64","44",,,,,
"USC00449151","WILLIAMSBURG 2 N, VA US","37.3017","-76.7039","21.3","2021-03-30","0.00","0.0","0.0","71","41",,,,,
"USC00449151","WILLIAMSBURG 2 N, VA US","37.3017","-76.7039","21.3","2021-03-31","0.39","0.0","0.0","76","56",,,,,
"USC00449151","WILLIAMSBURG 2 N, VA US","37.3017","-76.7039","21.3","2021-04-01","0.13","0.0","0.0","60","39",,,,,
"USC00449151","WILLIAMSBURG 2 N, VA US","37.3017","-76.7039","21.3","2021-04-02","0.00","0.0","0.0","46","31",,,,,
"USC00449151","WILLIAMSBURG 2 N, VA US","37.3017","-76.7039","21.3","2021-04-03","0.00","0.0","0.0","57","31",,,,,
"USC00449151","WILLIAMSBURG 2 N, VA US","37.3017","-76.7039","21.3","2021-04-04","0.00","0.0","0.0","75","38",,,,,
"USC00449151","WILLIAMSBURG 2 N, VA US","37.3017","-76.7039","21.3","2021-04-05","0.00","0.0","0.0","73","43",,,,,
"USC00449151","WILLIAMSBURG 2 N, VA US","37.3017","-76.7039","21.3","2021-04-06","0.00","0.0","0.0","74","49",,,,,
"USC00449151","WILLIAMSBURG 2 N, VA US","37.3017","-76.7039","21.3","2021-04-07","0.00","0.0","0.0","82","47",,,,,
"USC00449151","WILLIAMSBURG 2 N, VA US","37.3017","-76.7039","21.3","2021-04-08","0.00","0.0","0.0","67","55",,,,,
"USC00449151","WILLIAMSBURG 2 N, VA US","37.3017","-76.7039","21.3","2021-04-09","0.32","0.0","0.0","74","56",,,,,
"USC00449151","WILLIAMSBURG 2 N, VA US","37.3017","-76.7039","21.3","2021-04-10","0.00","0.0","0.0","78","54",,,,,
"USC00449151","WILLIAMSBURG 2 N, VA US","37.3017","-76.7039","21.3","2021-04-11","0.10","0.0","0.0","79","59",,,,,
"USC00449151","WILLIAMSBURG 2 N, VA US","37.3017","-76.7039","21.3","2021-04-12","0.18","0.0","0.0","72","52",,"    1",,,
"USC00449151","WILLIAMSBURG 2 N, VA US","37.3017","-76.7039","21.3","2021-04-13","0.00","0.0","0.0","66","48",,,,,
"USC00449151","WILLIAMSBURG 2 N, VA US","37.3017","-76.7039","21.3","2021-04-14","0.13","0.0","0.0","70","46",,"    1",,,
"USC00449151","WILLIAMSBURG 2 N, VA US","37.3017","-76.7039","21.3","2021-04-15","0.02","0.0","0.0","67","53",,,,,
"USC00449151","WILLIAMSBURG 2 N, VA US","37.3017","-76.7039","21.3","2021-04-16","0.00","0.0","0.0","66","38",,,,,
"USC00449151","WILLIAMSBURG 2 N, VA US","37.3017","-76.7039","21.3","2021-04-17","0.00","0.0","0.0","67","40",,,,,
"USC00449151","WILLIAMSBURG 2 N, VA US","37.3017","-76.7039","21.3","2021-04-18","0.00","0.0","0.0","67","46",,,,,
"USC00449151","WILLIAMSBURG 2 N, VA US","37.3017","-76.7039","21.3","2021-04-19","0.13","0.0","0.0","60","45",,,,,
"USC00449151","WILLIAMSBURG 2 N, VA US","37.3017","-76.7039","21.3","2021-04-20","0.00","0.0","0.0","75","42",,,,,
"USC00449151","WILLIAMSBURG 2 N, VA US","37.3017","-76.7039","21.3","2021-04-21","0.11","0.0","0.0","76","45",,,,,
"USC00449151","WILLIAMSBURG 2 N, VA US","37.3017","-76.7039","21.3","2021-04-22","0.00","0.0","0.0","57","34",,,,,
"USC00449151","WILLIAMSBURG 2 N, VA US","37.3017","-76.7039","21.3","2021-04-23","0.00","0.0","0.0","64","36",,,,,
"USC00449151","WILLIAMSBURG 2 N, VA US","37.3017","-76.7039","21.3","2021-04-24","0.38","0.0","0.0","66","40",,,,,
"USC00449151","WILLIAMSBURG 2 N, VA US","37.3017","-76.7039","21.3","2021-04-25","0.03","0.0","0.0","67","50",,,,,
"USC00449151","WILLIAMSBURG 2 N, VA US","37.3017","-76.7039","21.3","2021-04-26","0.00","0.0","0.0","71","48",,,,,
"USC00449151","WILLIAMSBURG 2 N, VA US","37.3017","-76.7039","21.3","2021-04-27","0.00","0.0","0.0","85","49",,,,,
"USC00449151","WILLIAMSBURG 2 N, VA US","37.3017","-76.7039","21.3","2021-04-28","0.00","0.0","0.0","87","65",,,,,
"USC00449151","WILLIAMSBURG 2 N, VA US","37.3017","-76.7039","21.3","2021-04-29","0.00","0.0","0.0","87","70",,,,,
"USC00449151","WILLIAMSBURG 2 N, VA US","37.3017","-76.7039","21.3","2021-04-30","0.03","0.0","0.0","78","57",,,,,
"USC00449151","WILLIAMSBURG 2 N, VA US","37.3017","-76.7039","21.3","2021-05-01","0.00","0.0","0.0","70","49",,,,,
"USC00449151","WILLIAMSBURG 2 N, VA US","37.3017","-76.7039","21.3","2021-05-02","0.00","0.0","0.0","83","51",,,,,
"USC00449151","WILLIAMSBURG 2 N, VA US","37.3017","-76.7039","21.3","2021-05-03","0.10","0.0","0.0","81","66",,,,,
"USC00449151","WILLIAMSBURG 2 N, VA US","37.3017","-76.7039","21.3","2021-05-04","0.33","0.0","0.0","89","66",,,,,
"USC00449151","WILLIAMSBURG 2 N, VA US","37.3017","-76.7039","21.3","2021-05-05","0.00","0.0","0.0","85","62",,,,,
"USC00449151","WILLIAMSBURG 2 N, VA US","37.3017","-76.7039","21.3","2021-05-06","0.00","0.0","0.0","67","49",,,,,
"USC00449151","WILLIAMSBURG 2 N, VA US","37.3017","-76.7039","21.3","2021-05-07","0.21","0.0","0.0","66","45",,,,,
"USC00449151","WILLIAMSBURG 2 N, VA US","37.3017","-76.7039","21.3","2021-05-08","0.01","0.0","0.0","68","43",,,,,
"USC00449151","WILLIAMSBURG 2 N, VA US","37.3017","-76.7039","21.3","2021-05-09","0.00","0.0","0.0","77","44",,,,,
"USC00449151","WILLIAMSBURG 2 N, VA US","37.3017","-76.7039","21.3","2021-05-10","0.12","0.0","0.0","73","52",,,,,
"USC00449151","WILLIAMSBURG 2 N, VA US","37.3017","-76.7039","21.3","2021-05-11","0.00","0.0","0.0","71","49",,,,,
"USC00449151","WILLIAMSBURG 2 N, VA US","37.3017","-76.7039","21.3","2021-05-12","0.00","0.0","0.0","61","44",,,,,
"USC00449151","WILLIAMSBURG 2 N, VA US","37.3017","-76.7039","21.3","2021-05-13","0.00","0.0","0.0","70","44",,,,,
"USC00449151","WILLIAMSBURG 2 N, VA US","37.3017","-76.7039","21.3","2021-05-14","0.00","0.0","0.0","72","42",,,,,
"USC00449151","WILLIAMSBURG 2 N, VA US","37.3017","-76.7039","21.3","2021-05-15","0.00","0.0","0.0","76","45",,,,,
"USC00449151","WILLIAMSBURG 2 N, VA US","37.3017","-76.7039","21.3","2021-05-16","0.00","0.0","0.0","74","46",,,,,
"USC00449151","WILLIAMSBURG 2 N, VA US","37.3017","-76.7039","21.3","2021-05-17","0.00","0.0","0.0","74","51",,,,,
"USC00449151","WILLIAMSBURG 2 N, VA US","37.3017","-76.7039","21.3","2021-05-18","0.00","0.0","0.0","77","50",,,,,
"USC00449151","WILLIAMSBURG 2 N, VA US","37.3017","-76.7039","21.3","2021-05-19","0.00","0.0","0.0","85","50",,,,,
"USC00449151","WILLIAMSBURG 2 N, VA US","37.3017","-76.7039","21.3","2021-05-20","0.00","0.0","0.0","87","56",,,,,
"USC00449151","WILLIAMSBURG 2 N, VA US","37.3017","-76.7039","21.3","2021-05-21","0.00","0.0","0.0","78","53",,,,,
"USC00449151","WILLIAMSBURG 2 N, VA US","37.3017","-76.7039","21.3","2021-05-22","0.00","0.0","0.0","88","53",,,,,
"USC00449151","WILLIAMSBURG 2 N, VA US","37.3017","-76.7039","21.3","2021-05-23","0.00","0.0","0.0","91","68",,,,,
"USC00449151","WILLIAMSBURG 2 N, VA US","37.3017","-76.7039","21.3","2021-05-24","0.00","0.0","0.0","74","62",,,,,
"USC00449151","WILLIAMSBURG 2 N, VA US","37.3017","-76.7039","21.3","2021-05-25","0.00","0.0","0.0","76","62",,,,,
"USC00449151","WILLIAMSBURG 2 N, VA US","37.3017","-76.7039","21.3","2021-05-26","0.00","0.0","0.0","94","63",,,,,
"USC00449151","WILLIAMSBURG 2 N, VA US","37.3017","-76.7039","21.3","2021-05-27","0.00","0.0","0.0","90","71",,,,,
"USC00449151","WILLIAMSBURG 2 N, VA US","37.3017","-76.7039","21.3","2021-05-28","0.13","0.0","0.0","88","67",,,,,
"USC00449151","WILLIAMSBURG 2 N, VA US","37.3017","-76.7039","21.3","2021-05-29","0.48","0.0","0.0","73","56",,,,,
"USC00449151","WILLIAMSBURG 2 N, VA US","37.3017","-76.7039","21.3","2021-05-30","0.37","0.0","0.0","57","53",,,,,
"USC00449151","WILLIAMSBURG 2 N, VA US","37.3017","-76.7039","21.3","2021-05-31","0.00","0.0","0.0","74","48",,,,,
"USC00449151","WILLIAMSBURG 2 N, VA US","37.3017","-76.7039","21.3","2021-06-01","0.00","0.0","0.0","78","57",,,,,
"USC00449151","WILLIAMSBURG 2 N, VA US","37.3017","-76.7039","21.3","2021-06-02","0.17","0.0","0.0","79","59",,,,,
"USC00449151","WILLIAMSBURG 2 N, VA US","37.3017","-76.7039","21.3","2021-06-03","1.31","0.0","0.0","81","65",,"    1",,,
"USC00449151","WILLIAMSBURG 2 N, VA US","37.3017","-76.7039","21.3","2021-06-04","0.58","0.0","0.0","82","66","    1",,,,
"USC00449151","WILLIAMSBURG 2 N, VA US","37.3017","-76.7039","21.3","2021-06-05","0.00","0.0","0.0","89","64",,,,,
"USC00449151","WILLIAMSBURG 2 N, VA US","37.3017","-76.7039","21.3","2021-06-06","0.00","0.0","0.0","91","68",,,,,
"USC00449151","WILLIAMSBURG 2 N, VA US","37.3017","-76.7039","21.3","2021-06-07","0.00","0.0","0.0","90","73",,,,,
"USC00449151","WILLIAMSBURG 2 N, VA US","37.3017","-76.7039","21.3","2021-06-08","0.00","0.0","0.0","88","74",,,,,
"USC00449151","WILLIAMSBURG 2 N, VA US","37.3017","-76.7039","21.3","2021-06-09","0.11","0.0","0.0","87","71",,"    1",,,
"USC00449151","WILLIAMSBURG 2 N, VA US","37.3017","-76.7039","21.3","2021-06-10","0.65","0.0","0.0","85","70",,,,,
"USC00449151","WILLIAMSBURG 2 N, VA US","37.3017","-76.7039","21.3","2021-06-11","1.00","0.0","0.0","82","71",,,,,
"USC00449151","WILLIAMSBURG 2 N, VA US","37.3017","-76.7039","21.3","2021-06-12","0.86","0.0","0.0","73","67",,,,,
"USC00449151","WILLIAMSBURG 2 N, VA US","37.3017","-76.7039","21.3","2021-06-13","0.00","0.0","0.0","81","63",,,,,
"USC00449151","WILLIAMSBURG 2 N, VA US","37.3017","-76.7039","21.3","2021-06-14","0.00","0.0","0.0","88","63",,,,,
"USC00449151","WILLIAMSBURG 2 N, VA US","37.3017","-76.7039","21.3","2021-06-15","0.00","0.0","0.0","82","64",,,,,
"USC00449151","WILLIAMSBURG 2 N, VA US","37.3017","-76.7039","21.3","2021-06-16","0.00","0.0","0.0","81","62",,,,,
"USC00449151","WILLIAMSBURG 2 N, VA US","37.3017","-76.7039","21.3","2021-06-17","0.00","0.0","0.0","80","58",,,,,
"USC00449151","WILLIAMSBURG 2 N, VA US","37.3017","-76.7039","21.3","2021-06-18","0.00","0.0","0.0","87","56",,,,,
"USC00449151","WILLIAMSBURG 2 N, VA US","37.3017","-76.7039","21.3","2021-06-19","0.00","0.0","0.0","91","72",,,,,
"USC00449151","WILLIAMSBURG 2 N, VA US","37.3017","-76.7039","21.3","2021-06-20","0.00","0.0","0.0","85","74",,,,,
"USC00449151","WILLIAMSBURG 2 N, VA US","37.3017","-76.7039","21.3","2021-06-21","0.00","0.0","0.0","93","73",,,,,
"USC00449151","WILLIAMSBURG 2 N, VA US","37.3017","-76.7039","21.3","2021-06-22","1.80","0.0","0.0","83","63",,,,,
"USC00449151","WILLIAMSBURG 2 N, VA US","37.3017","-76.7039","21.3","2021-06-23","0.00","0.0","0.0","76","59",,,,,
"USC00449151","WILLIAMSBURG 2 N, VA US","37.3017","-76.7039","21.3","2021-06-24","0.00","0.0","0.0","76","55",,,,,
"USC00449151","WILLIAMSBURG 2 N, VA US","37.3017","-76.7039","21.3","2021-06-25","0.07","0.0","0.0","81","59",,,,,
"USC00449151","WILLIAMSBURG 2 N, VA US","37.3017","-76.7039","21.3","2021-06-26","0.68","0.0","0.0","83","70",,,,,
"USC00449151","WILLIAMSBURG 2 N, VA US","37.3017","-76.7039","21.3","2021-06-27","0.00","0.0","0.0","89","72",,,,,
"USC00449151","WILLIAMSBURG 2 N, VA US","37.3017","-76.7039","21.3","2021-06-28","0.00","0.0","0.0","89","72",,,,,
"USC00449151","WILLIAMSBURG 2 N, VA US","37.3017","-76.7039","21.3","2021-06-29","0.00","0.0","0.0","90","73",,,,,
"USC00449151","WILLIAMSBURG 2 N, VA US","37.3017","-76.7039","21.3","2021-06-30","0.00","0.0","0.0","92","75",,,,,
"USC00449151","WILLIAMSBURG 2 N, VA US","37.3017","-76.7039","21.3","2021-07-01","2.17","0.0","0.0","91","72",,"    1",,,
"USC00449151","WILLIAMSBURG 2 N, VA US","37.3017","-76.7039","21.3","2021-07-02","1.65","0.0","0.0","75","70",,,,,
"USC00449151","WILLIAMSBURG 2 N, VA US","37.3017","-76.7039","21.3","2021-07-03","0.00","0.0","0.0","80","62",,,,,
"USC00449151","WILLIAMSBURG 2 N, VA US","37.3017","-76.7039","21.3","2021-07-04","0.00","0.0","0.0","85","63",,,,,
"USC00449151","WILLIAMSBURG 2 N, VA US","37.3017","-76.7039","21.3","2021-07-05","0.00","0.0","0.0","87","66",,,,,
"USC00449151","WILLIAMSBURG 2 N, VA US","37.3017","-76.7039","21.3","2021-07-06","0.00","0.0","0.0","91","70",,,,,
"USC00449151","WILLIAMSBURG 2 N, VA US","37.3017","-76.7039","21.3","2021-07-07","0.00","0.0","0.0","92","73",,,,,
"USC00449151","WILLIAMSBURG 2 N, VA US","37.3017","-76.7039","21.3","2021-07-08","2.00","0.0","0.0","82","73",,,,,
"USC00449151","WILLIAMSBURG 2 N, VA US","37.3017","-76.7039","21.3","2021-07-09","0.01","0.0","0.0","89","70",,,,,
"USC00449151","WILLIAMSBURG 2 N, VA US","37.3017","-76.7039","21.3","2021-07-10","0.00","0.0","0.0","86","73",,,,,
"USC00449151","WILLIAMSBURG 2 N, VA US","37.3017","-76.7039","21.3","2021-07-11","0.00","0.0","0.0","89","69",,,,,
"USC00449151","WILLIAMSBURG 2 N, VA US","37.3017","-76.7039","21.3","2021-07-12","0.00","0.0","0.0","91","76",,,,,
"USC00449151","WILLIAMSBURG 2 N, VA US","37.3017","-76.7039","21.3","2021-07-13","0.00","0.0","0.0","90","76",,,,,
"USC00449151","WILLIAMSBURG 2 N, VA US","37.3017","-76.7039","21.3","2021-07-14","0.12","0.0","0.0","91","74",,,,,
"USC00449151","WILLIAMSBURG 2 N, VA US","37.3017","-76.7039","21.3","2021-07-15","0.00","0.0","0.0","92","73",,,,,
"USC00449151","WILLIAMSBURG 2 N, VA US","37.3017","-76.7039","21.3","2021-07-16","0.00","0.0","0.0","92","76",,,,,
"USC00449151","WILLIAMSBURG 2 N, VA US","37.3017","-76.7039","21.3","2021-07-17","0.66","0.0","0.0","92","72",,"    1",,,
"USC00449151","WILLIAMSBURG 2 N, VA US","37.3017","-76.7039","21.3","2021-07-18","0.15","0.0","0.0","86","72",,"    1",,,
"USC00449151","WILLIAMSBURG 2 N, VA US","37.3017","-76.7039","21.3","2021-07-19","0.00","0.0","0.0","82","69",,,,,
"USC00449151","WILLIAMSBURG 2 N, VA US","37.3017","-76.7039","21.3","2021-07-20","0.00","0.0","0.0","87","66",,,,,
"USC00449151","WILLIAMSBURG 2 N, VA US","37.3017","-76.7039","21.3","2021-07-21","0.24","0.0","0.0","89","72",,,,,
"USC00449151","WILLIAMSBURG 2 N, VA US","37.3017","-76.7039","21.3","2021-07-22","0.01","0.0","0.0","82","66",,,,,
"USC00449151","WILLIAMSBURG 2 N, VA US","37.3017","-76.7039","21.3","2021-07-23","0.00","0.0","0.0","84","65",,,,,
"USC00449151","WILLIAMSBURG 2 N, VA US","37.3017","-76.7039","21.3","2021-07-24","0.00","0.0","0.0","84","65",,,,,
"USC00449151","WILLIAMSBURG 2 N, VA US","37.3017","-76.7039","21.3","2021-07-25","0.00","0.0","0.0","88","72",,,,,
"USC00449151","WILLIAMSBURG 2 N, VA US","37.3017","-76.7039","21.3","2021-07-26","0.22","0.0","0.0","89","70",,,,,
"USC00449151","WILLIAMSBURG 2 N, VA US","37.3017","-76.7039","21.3","2021-07-27","0.00","0.0","0.0","91","70",,,,,
"USC00449151","WILLIAMSBURG 2 N, VA US","37.3017","-76.7039","21.3","2021-07-28","0.00","0.0","0.0","89","73",,,,,
"USC00449151","WILLIAMSBURG 2 N, VA US","37.3017","-76.7039","21.3","2021-07-29","0.96","0.0","0.0","89","69",,"    1",,,
"USC00449151","WILLIAMSBURG 2 N, VA US","37.3017","-76.7039","21.3","2021-07-30","0.00","0.0","0.0","90","77",,,,,
"USC00449151","WILLIAMSBURG 2 N, VA US","37.3017","-76.7039","21.3","2021-07-31","0.00","0.0","0.0","82","71",,,,,
"USC00449151","WILLIAMSBURG 2 N, VA US","37.3017","-76.7039","21.3","2021-08-01","0.72","0.0","0.0","82","71",,,,,
"USC00449151","WILLIAMSBURG 2 N, VA US","37.3017","-76.7039","21.3","2021-08-02","0.00","0.0","0.0","82","68",,,,,
"USC00449151","WILLIAMSBURG 2 N, VA US","37.3017","-76.7039","21.3","2021-08-03","0.00","0.0","0.0","76","67",,,,,
"USC00449151","WILLIAMSBURG 2 N, VA US","37.3017","-76.7039","21.3","2021-08-04","0.41","0.0","0.0","73","66",,,,,
"USC00449151","WILLIAMSBURG 2 N, VA US","37.3017","-76.7039","21.3","2021-08-05","0.00","0.0","0.0","83","64",,,,,
"USC00449151","WILLIAMSBURG 2 N, VA US","37.3017","-76.7039","21.3","2021-08-06","0.00","0.0","0.0","84","64",,,,,
"USC00449151","WILLIAMSBURG 2 N, VA US","37.3017","-76.7039","21.3","2021-08-07","1.30","0.0","0.0","79","69",,,,,
"USC00449151","WILLIAMSBURG 2 N, VA US","37.3017","-76.7039","21.3","2021-08-08","0.00","0.0","0.0","84","67",,,,,
"USC00449151","WILLIAMSBURG 2 N, VA US","37.3017","-76.7039","21.3","2021-08-09","0.00","0.0","0.0","88","66",,,,,
"USC00449151","WILLIAMSBURG 2 N, VA US","37.3017","-76.7039","21.3","2021-08-10","0.00","0.0","0.0","90","73",,,,,
"USC00449151","WILLIAMSBURG 2 N, VA US","37.3017","-76.7039","21.3","2021-08-11","0.31","0.0","0.0","93","74",,,,,
"USC00449151","WILLIAMSBURG 2 N, VA US","37.3017","-76.7039","21.3","2021-08-12","0.01","0.0","0.0","93","74",,,,,
"USC00449151","WILLIAMSBURG 2 N, VA US","37.3017","-76.7039","21.3","2021-08-13","0.00","0.0","0.0","94","76",,,,,
"USC00449151","WILLIAMSBURG 2 N, VA US","37.3017","-76.7039","21.3","2021-08-14","1.62","0.0","0.0","93","72",,"    1",,,
"USC00449151","WILLIAMSBURG 2 N, VA US","37.3017","-76.7039","21.3","2021-08-15","0.69","0.0","0.0","88","71",,"    1",,,
"USC00449151","WILLIAMSBURG 2 N, VA US","37.3017","-76.7039","21.3","2021-08-16","0.10","0.0","0.0","83","73",,,,,
"USC00449151","WILLIAMSBURG 2 N, VA US","37.3017","-76.7039","21.3","2021-08-17","0.34","0.0","0.0","89","76",,,,,
"USC00449151","WILLIAMSBURG 2 N, VA US","37.3017","-76.7039","21.3","2021-08-18","0.08","0.0","0.0","89","77",,"    1",,,
"USC00449151","WILLIAMSBURG 2 N, VA US","37.3017","-76.7039","21.3","2021-08-19","0.00","0.0","0.0","92","76",,,,,
"USC00449151","WILLIAMSBURG 2 N, VA US","37.3017","-76.7039","21.3","2021-08-20","0.83","0.0","0.0","83","73",,,,,
"USC00449151","WILLIAMSBURG 2 N, VA US","37.3017","-76.7039","21.3","2021-08-21","0.02","0.0","0.0","86","72",,,,,
"USC00449151","WILLIAMSBURG 2 N, VA US","37.3017","-76.7039","21.3","2021-08-22","1.66","0.0","0.0","88","68",,,,"    1",
"USC00449151","WILLIAMSBURG 2 N, VA US","37.3017","-76.7039","21.3","2021-08-23","0.00","0.0","0.0","90","69",,,,,
"USC00449151","WILLIAMSBURG 2 N, VA US","37.3017","-76.7039","21.3","2021-08-24","0.00","0.0","0.0","93","73",,,,,
"USC00449151","WILLIAMSBURG 2 N, VA US","37.3017","-76.7039","21.3","2021-08-25","0.00","0.0","0.0","91","72",,,,,
"USC00449151","WILLIAMSBURG 2 N, VA US","37.3017","-76.7039","21.3","2021-08-26","0.00","0.0","0.0","93","74",,,,,
"USC00449151","WILLIAMSBURG 2 N, VA US","37.3017","-76.7039","21.3","2021-08-27","0.00","0.0","0.0","92","75",,,,,
"USC00449151","WILLIAMSBURG 2 N, VA US","37.3017","-76.7039","21.3","2021-08-28","0.00","0.0","0.0","93","74",,,,,
"USC00449151","WILLIAMSBURG 2 N, VA US","37.3017","-76.7039","21.3","2021-08-29","0.00","0.0","0.0","86","75",,,,,
"USC00449151","WILLIAMSBURG 2 N, VA US","37.3017","-76.7039","21.3","2021-08-30","0.36","0.0","0.0","92","73",,,,,
"USC00449151","WILLIAMSBURG 2 N, VA US","37.3017","-76.7039","21.3","2021-08-31","0.00","0.0","0.0","89","71",,,,,
"USC00449151","WILLIAMSBURG 2 N, VA US","37.3017","-76.7039","21.3","2021-09-01","0.68","0.0","0.0","87","67",,"    1",,,
"USC00449151","WILLIAMSBURG 2 N, VA US","37.3017","-76.7039","21.3","2021-09-02","0.05","0.0","0.0","78","62",,,,,
"USC00449151","WILLIAMSBURG 2 N, VA US","37.3017","-76.7039","21.3","2021-09-03","0.00","0.0","0.0","78","58",,,,,
"USC00449151","WILLIAMSBURG 2 N, VA US","37.3017","-76.7039","21.3","2021-09-04","0.00","0.0","0.0","81","60",,,,,
"USC00449151","WILLIAMSBURG 2 N, VA US","37.3017","-76.7039","21.3","2021-09-05","0.00","0.0","0.0","85","64",,,,,
"USC00449151","WILLIAMSBURG 2 N, VA US","37.3017","-76.7039","21.3","2021-09-06","0.00","0.0","0.0","84","65",,,,,
"USC00449151","WILLIAMSBURG 2 N, VA US","37.3017","-76.7039","21.3","2021-09-07","0.00","0.0","0.0","86","62",,,,,
"USC00449151","WILLIAMSBURG 2 N, VA US","37.3017","-76.7039","21.3","2021-09-08","0.72","0.0","0.0","86","69",,"    1",,,
"USC00449151","WILLIAMSBURG 2 N, VA US","37.3017","-76.7039","21.3","2021-09-09","0.36","0.0","0.0","75","66",,,,,
"USC00449151","WILLIAMSBURG 2 N, VA US","37.3017","-76.7039","21.3","2021-09-10","0.01","0.0","0.0","77","59",,,,,
"USC00449151","WILLIAMSBURG 2 N, VA US","37.3017","-76.7039","21.3","2021-09-11","0.01","0.0","0.0","79","57",,,,,
"USC00449151","WILLIAMSBURG 2 N, VA US","37.3017","-76.7039","21.3","2021-09-12","0.00","0.0","0.0","84","63",,,,,
"USC00449151","WILLIAMSBURG 2 N, VA US","37.3017","-76.7039","21.3","2021-09-13","0.00","0.0","0.0","89","67",,,,,
"USC00449151","WILLIAMSBURG 2 N, VA US","37.3017","-76.7039","21.3","2021-09-14","0.00","0.0","0.0","88","69",,,,,
"USC00449151","WILLIAMSBURG 2 N, VA US","37.3017","-76.7039","21.3","2021-09-15","0.00","0.0","0.0","88","70",,,,,
"USC00449151","WILLIAMSBURG 2 N, VA US","37.3017","-76.7039","21.3","2021-09-16","0.00","0.0","0.0","85","72",,,,,
"USC00449151","WILLIAMSBURG 2 N, VA US","37.3017","-76.7039","21.3","2021-09-17","0.16","0.0","0.0","81","72",,,,,
"USC00449151","WILLIAMSBURG 2 N, VA US","37.3017","-76.7039","21.3","2021-09-18","0.02","0.0","0.0","85","71",,,,,
"USC00449151","WILLIAMSBURG 2 N, VA US","37.3017","-76.7039","21.3","2021-09-19","0.00","0.0","0.0","85","68",,,,,
"USC00449151","WILLIAMSBURG 2 N, VA US","37.3017","-76.7039","21.3","2021-09-20","0.00","0.0","0.0","80","63",,,,,
"USC00449151","WILLIAMSBURG 2 N, VA US","37.3017","-76.7039","21.3","2021-09-21","0.00","0.0","0.0","82","66",,,,,
"USC00449151","WILLIAMSBURG 2 N, VA US","37.3017","-76.7039","21.3","2021-09-22","0.21","0.0","0.0","85","71",,,,,
"USC00449151","WILLIAMSBURG 2 N, VA US","37.3017","-76.7039","21.3","2021-09-23","0.72","0.0","0.0","77","63",,,,,
"USC00449151","WILLIAMSBURG 2 N, VA US","37.3017","-76.7039","21.3","2021-09-24","0.00","0.0","0.0","75","56",,,,,
"USC00449151","WILLIAMSBURG 2 N, VA US","37.3017","-76.7039","21.3","2021-09-25","0.01","0.0","0.0","77","53",,,,,
"USC00449151","WILLIAMSBURG 2 N, VA US","37.3017","-76.7039","21.3","2021-09-26","0.00","0.0","0.0","75","56",,,,,
"USC00449151","WILLIAMSBURG 2 N, VA US","37.3017","-76.7039","21.3","2021-09-27","0.01","0.0","0.0","80","53",,,,,
"USC00449151","WILLIAMSBURG 2 N, VA US","37.3017","-76.7039","21.3","2021-09-28","0.00","0.0","0.0","86","61",,,,,
"USC00449151","WILLIAMSBURG 2 N, VA US","37.3017","-76.7039","21.3","2021-09-29","0.00","0.0","0.0","75","56",,,,,
"USC00449151","WILLIAMSBURG 2 N, VA US","37.3017","-76.7039","21.3","2021-09-30","0.00","0.0","0.0","77","53",,,,,
"USC00449151","WILLIAMSBURG 2 N, VA US","37.3017","-76.7039","21.3","2021-10-01","0.00","0.0","0.0","75","53",,,,,
"USC00449151","WILLIAMSBURG 2 N, VA US","37.3017","-76.7039","21.3","2021-10-02","0.00","0.0","0.0","81","53",,,,,
"USC00449151","WILLIAMSBURG 2 N, VA US","37.3017","-76.7039","21.3","2021-10-03","0.00","0.0","0.0","84","61",,,,,
"USC00449151","WILLIAMSBURG 2 N, VA US","37.3017","-76.7039","21.3","2021-10-04","0.00","0.0","0.0","85","67",,,,,
"USC00449151","WILLIAMSBURG 2 N, VA US","37.3017","-76.7039","21.3","2021-10-05","1.38","0.0","0.0","85","68",,"    1",,,
"USC00449151","WILLIAMSBURG 2 N, VA US","37.3017","-76.7039","21.3","2021-10-06","0.11","0.0","0.0","78","68",,,,,
"USC00449151","WILLIAMSBURG 2 N, VA US","37.3017","-76.7039","21.3","2021-10-07","0.00","0.0","0.0","74","65",,,,,
"USC00449151","WILLIAMSBURG 2 N, VA US","37.3017","-76.7039","21.3","2021-10-08","0.00","0.0","0.0","77","68",,,,,
"USC00449151","WILLIAMSBURG 2 N, VA US","37.3017","-76.7039","21.3","2021-10-09","0.38","0.0","0.0","69","66",,,,,
"USC00449151","WILLIAMSBURG 2 N, VA US","37.3017","-76.7039","21.3","2021-10-10","0.01","0.0","0.0","77","67",,,,,
"USC00449151","WILLIAMSBURG 2 N, VA US","37.3017","-76.7039","21.3","2021-10-11","0.02","0.0","0.0","68","65",,,,,
"USC00449151","WILLIAMSBURG 2 N, VA US","37.3017","-76.7039","21.3","2021-10-12","0.03","0.0","0.0","75","65",,,,,
"USC00449151","WILLIAMSBURG 2 N, VA US","37.3017","-76.7039","21.3","2021-10-13","0.09","0.0","0.0","73","63",,,,,
"USC00449151","WILLIAMSBURG 2 N, VA US","37.3017","-76.7039","21.3","2021-10-14","0.00","0.0","0.0","80","61",,,,,
"USC00449151","WILLIAMSBURG 2 N, VA US","37.3017","-76.7039","21.3","2021-10-15","0.00","0.0","0.0","83","59",,,,,
"USC00449151","WILLIAMSBURG 2 N, VA US","37.3017","-76.7039","21.3","2021-10-16","0.40","0.0","0.0","83","60",,,,,
"USC00449151","WILLIAMSBURG 2 N, VA US","37.3017","-76.7039","21.3","2021-10-17","0.00","0.0","0.0","65","49",,,,,
"USC00449151","WILLIAMSBURG 2 N, VA US","37.3017","-76.7039","21.3","2021-10-18","0.00","0.0","0.0","69","45",,,,,
"USC00449151","WILLIAMSBURG 2 N, VA US","37.3017","-76.7039","21.3","2021-10-19","0.00","0.0","0.0","72","45",,,,,
"USC00449151","WILLIAMSBURG 2 N, VA US","37.3017","-76.7039","21.3","2021-10-20","0.00","0.0","0.0","76","49",,,,,
"USC00449151","WILLIAMSBURG 2 N, VA US","37.3017","-76.7039","21.3","2021-10-21","0.00","0.0","0.0","78","50",,,,,
"USC00449151","WILLIAMSBURG 2 N, VA US","37.3017","-76.7039","21.3","2021-10-22","0.04","0.0","0.0","72","59",,,,,
"USC00449151","WILLIAMSBURG 2 N, VA US","37.3017","-76.7039","21.3","2021-10-23","0.00","0.0","0.0","71","53",,,,,
"USC00449151","WILLIAMSBURG 2 N, VA US","37.3017","-76.7039","21.3","2021-10-24","0.00","0.0","0.0","75","53",,,,,
"USC00449151","WILLIAMSBURG 2 N, VA US","37.3017","-76.7039","21.3","2021-10-25","0.42","0.0","0.0","77","62",,"    1",,,
"USC00449151","WILLIAMSBURG 2 N, VA US","37.3017","-76.7039","21.3","2021-10-26","0.96","0.0","0.0","70","51",,"    1",,,
"USC00449151","WILLIAMSBURG 2 N, VA US","37.3017","-76.7039","21.3","2021-10-27","0.00","0.0","0.0","72","50",,,,,
"USC00449151","WILLIAMSBURG 2 N, VA US","37.3017","-76.7039","21.3","2021-10-28","0.04","0.0","0.0","65","52",,,,,
"USC00449151","WILLIAMSBURG 2 N, VA US","37.3017","-76.7039","21.3","2021-10-29","1.42","0.0","0.0","73","59",,,,,
"USC00449151","WILLIAMSBURG 2 N, VA US","37.3017","-76.7039","21.3","2021-10-30","0.00","0.0","0.0","65","52",,,,,
"USC00449151","WILLIAMSBURG 2 N, VA US","37.3017","-76.7039","21.3","2021-10-31","0.00","0.0","0.0","70","49",,,,,
"USC00449151","WILLIAMSBURG 2 N, VA US","37.3017","-76.7039","21.3","2021-11-01","0.00","0.0","0.0","66","48",,,,,
"USC00449151","WILLIAMSBURG 2 N, VA US","37.3017","-76.7039","21.3","2021-11-02","0.11","0.0","0.0","59","47",,,,,
"USC00449151","WILLIAMSBURG 2 N, VA US","37.3017","-76.7039","21.3","2021-11-03","0.01","0.0","0.0","54","40",,,,,
"USC00449151","WILLIAMSBURG 2 N, VA US","37.3017","-76.7039","21.3","2021-11-04","0.00","0.0","0.0","52","43",,,,,
"USC00449151","WILLIAMSBURG 2 N, VA US","37.3017","-76.7039","21.3","2021-11-05","0.00","0.0","0.0","55","37",,,,,
"USC00449151","WILLIAMSBURG 2 N, VA US","37.3017","-76.7039","21.3","2021-11-06","0.00","0.0","0.0","54","40",,,,,
"USC00449151","WILLIAMSBURG 2 N, VA US","37.3017","-76.7039","21.3","2021-11-07","0.00","0.0","0.0","56","45",,,,,
"USC00449151","WILLIAMSBURG 2 N, VA US","37.3017","-76.7039","21.3","2021-11-08","0.00","0.0","0.0","68","44",,,,,
"USC00449151","WILLIAMSBURG 2 N, VA US","37.3017","-76.7039","21.3","2021-11-09","0.00","0.0","0.0","74","41",,,,,
"USC00449151","WILLIAMSBURG 2 N, VA US","37.3017","-76.7039","21.3","2021-11-10","0.00","0.0","0.0","77","45",,,,,
"USC00449151","WILLIAMSBURG 2 N, VA US","37.3017","-76.7039","21.3","2021-11-11","0.00","0.0","0.0","73","45",,,,,
"USC00449151","WILLIAMSBURG 2 N, VA US","37.3017","-76.7039","21.3","2021-11-12","0.00","0.0","0.0","72","44",,,,,
"USC00449151","WILLIAMSBURG 2 N, VA US","37.3017","-76.7039","21.3","2021-11-13","0.00","0.0","0.0","65","39",,,,,
"USC00449151","WILLIAMSBURG 2 N, VA US","37.3017","-76.7039","21.3","2021-11-14","0.00","0.0","0.0","55","32",,,,,
"USC00449151","WILLIAMSBURG 2 N, VA US","37.3017","-76.7039","21.3","2021-11-15","0.00","0.0","0.0","53","38",,,,,
"USC00449151","WILLIAMSBURG 2 N, VA US","37.3017","-76.7039","21.3","2021-11-16","0.00","0.0","0.0","59","36",,,,,
"USC00449151","WILLIAMSBURG 2 N, VA US","37.3017","-76.7039","21.3","2021-11-17","0.00","0.0","0.0","73","41",,,,,
"USC00449151","WILLIAMSBURG 2 N, VA US","37.3017","-76.7039","21.3","2021-11-18","0.05","0.0","0.0","75","53",,,,,
"USC00449151","WILLIAMSBURG 2 N, VA US","37.3017","-76.7039","21.3","2021-11-19","0.08","0.0","0.0","56","35",,,,,
"USC00449151","WILLIAMSBURG 2 N, VA US","37.3017","-76.7039","21.3","2021-11-20","0.00","0.0","0.0","52","31",,,,,
"USC00449151","WILLIAMSBURG 2 N, VA US","37.3017","-76.7039","21.3","2021-11-21","0.00","0.0","0.0","60","37",,,,,
"USC00449151","WILLIAMSBURG 2 N, VA US","37.3017","-76.7039","21.3","2021-11-22","0.31","0.0","0.0","57","40",,,,,
"USC00449151","WILLIAMSBURG 2 N, VA US","37.3017","-76.7039","21.3","2021-11-23","0.00","0.0","0.0","45","31",,,,,
"USC00449151","WILLIAMSBURG 2 N, VA US","37.3017","-76.7039","21.3","2021-11-24","0.00","0.0","0.0","50","28",,,,,
"USC00449151","WILLIAMSBURG 2 N, VA US","37.3017","-76.7039","21.3","2021-11-25","0.00","0.0","0.0","61","30",,,,,
"USC00449151","WILLIAMSBURG 2 N, VA US","37.3017","-76.7039","21.3","2021-11-26","0.25","0.0","0.0","55","34",,,,,
"USC00449151","WILLIAMSBURG 2 N, VA US","37.3017","-76.7039","21.3","2021-11-27","0.00","0.0","0.0","46","26",,,,,
"USC00449151","WILLIAMSBURG 2 N, VA US","37.3017","-76.7039","21.3","2021-11-28","0.00","0.0","0.0","60","38",,,,,
"USC00449151","WILLIAMSBURG 2 N, VA US","37.3017","-76.7039","21.3","2021-11-29","0.00","0.0","0.0","49","29",,,,,
"USC00449151","WILLIAMSBURG 2 N, VA US","37.3017","-76.7039","21.3","2021-11-30","0.00","0.0","0.0","56","28",,,,,
"USC00449151","WILLIAMSBURG 2 N, VA US","37.3017","-76.7039","21.3","2021-12-01","0.00","0.0","0.0","58","32",,,,,
"USC00449151","WILLIAMSBURG 2 N, VA US","37.3017","-76.7039","21.3","2021-12-02","0.00","0.0","0.0","68","46",,,,,
"USC00449151","WILLIAMSBURG 2 N, VA US","37.3017","-76.7039","21.3","2021-12-03","0.00","0.0","0.0","64","41",,,,,
"USC00449151","WILLIAMSBURG 2 N, VA US","37.3017","-76.7039","21.3","2021-12-04","0.00","0.0","0.0","60","40",,,,,
"USC00449151","WILLIAMSBURG 2 N, VA US","37.3017","-76.7039","21.3","2021-12-05","0.00","0.0","0.0","57","39",,,,,
"USC00449151","WILLIAMSBURG 2 N, VA US","37.3017","-76.7039","21.3","2021-12-06","0.00","0.0","0.0","70","46",,,,,
"USC00449151","WILLIAMSBURG 2 N, VA US","37.3017","-76.7039","21.3","2021-12-07","0.00","0.0","0.0","57","33",,,,,
"USC00449151","WILLIAMSBURG 2 N, VA US","37.3017","-76.7039","21.3","2021-12-08","0.00","0.0","0.0","44","30",,,,,
"USC00449151","WILLIAMSBURG 2 N, VA US","37.3017","-76.7039","21.3","2021-12-09","0.00","0.0","0.0","44","29",,,,,
"USC00449151","WILLIAMSBURG 2 N, VA US","37.3017","-76.7039","21.3","2021-12-10","0.02","0.0","0.0","54","29",,,,,
"USC00449151","WILLIAMSBURG 2 N, VA US","37.3017","-76.7039","21.3","2021-12-11","0.28","0.0","0.0","71","51",,,,,
"USC00449151","WILLIAMSBURG 2 N, VA US","37.3017","-76.7039","21.3","2021-12-12","0.05","0.0","0.0","61","30",,,,,
"USC00449151","WILLIAMSBURG 2 N, VA US","37.3017","-76.7039","21.3","2021-12-13","0.00","0.0","0.0","56","28",,,,,
"USC00449151","WILLIAMSBURG 2 N, VA US","37.3017","-76.7039","21.3","2021-12-14","0.00","0.0","0.0","58","32",,,,,
"USC00449151","WILLIAMSBURG 2 N, VA US","37.3017","-76.7039","21.3","2021-12-15","0.00","0.0","0.0","63","36",,,,,
"USC00449151","WILLIAMSBURG 2 N, VA US","37.3017","-76.7039","21.3","2021-12-16","0.02","0.0","0.0","70","43",,,,,
"USC00449151","WILLIAMSBURG 2 N, VA US","37.3017","-76.7039","21.3","2021-12-17","0.00","0.0","0.0","71","54",,,,,
"USC00449151","WILLIAMSBURG 2 N, VA US","37.3017","-76.7039","21.3","2021-12-18","0.14","0.0","0.0","64","50","    1",,,,
"USC00449151","WILLIAMSBURG 2 N, VA US","37.3017","-76.7039","21.3","2021-12-19","0.49","0.0","0.0","64","37",,,,,
"USC00449151","WILLIAMSBURG 2 N, VA US","37.3017","-76.7039","21.3","2021-12-20","0.00","0.0","0.0","41","29",,,,,
"USC00449151","WILLIAMSBURG 2 N, VA US","37.3017","-76.7039","21.3","2021-12-21","0.08","0.0","0.0","43","28",,,,,
"USC00449151","WILLIAMSBURG 2 N, VA US","37.3017","-76.7039","21.3","2021-12-22","0.03","0.0","0.0","54","38",,,,,
"USC00449151","WILLIAMSBURG 2 N, VA US","37.3017","-76.7039","21.3","2021-12-23","0.00","0.0","0.0","45","28",,,,,
"USC00449151","WILLIAMSBURG 2 N, VA US","37.3017","-76.7039","21.3","2021-12-24","0.00","0.0","0.0","63","34",,,,,
"USC00449151","WILLIAMSBURG 2 N, VA US","37.3017","-76.7039","21.3","2021-12-25","0.00","0.0","0.0","69","53",,,,,
"USC00449151","WILLIAMSBURG 2 N, VA US","37.3017","-76.7039","21.3","2021-12-26","0.00","0.0","0.0","70","42",,,,,
"USC00449151","WILLIAMSBURG 2 N, VA US","37.3017","-76.7039","21.3","2021-12-27","0.00","0.0","0.0","52","40",,,,,
"USC00449151","WILLIAMSBURG 2 N, VA US","37.3017","-76.7039","21.3","2021-12-28","0.00","0.0","0.0","62","47",,,,,
"USC00449151","WILLIAMSBURG 2 N, VA US","37.3017","-76.7039","21.3","2021-12-29","0.43","0.0","0.0","71","51",,,,,
"USC00449151","WILLIAMSBURG 2 N, VA US","37.3017","-76.7039","21.3","2021-12-30","0.12","0.0","0.0","53","50","    1",,,,
"USC00449151","WILLIAMSBURG 2 N, VA US","37.3017","-76.7039","21.3","2021-12-31","0.04","0.0","0.0","57","51","    1",,,,
"USC00449151","WILLIAMSBURG 2 N, VA US","37.3017","-76.7039","21.3","2022-01-01","0.03","0.0","0.0","73","57","    1",,,,
